,0,1,2,3,4,5,6,7,8,9,10,11,12,13,14,15,16,17,18,19,20,21,22,23,24,25,26,27,28,29,30,31,32,33,34,35,36,37,38,39,40,41,42,43,44,45,46,47,48,49,50,51,52,53,54,55,56,57,58,59,60,61,62,63,64,65,66,67,68,69,70,71,72,73
0,0.04774560034275055,0.022718966007232666,0.01420499011874199,0.010439153760671616,0.00941348448395729,0.008808926679193974,0.008266353979706764,0.007671660277992487,0.0074226935394108295,0.007119637914001942,0.006934457458555698,0.0067087095230817795,0.006545328069478273,0.0066048018634319305,0.0063699702732264996,0.006376161240041256,0.006269385106861591,0.006201987620443106,0.006083579733967781,,,,,,,,,,,,,,,,,,,,,,,,,,,,,,,,,,,,,,,,,,,,,,,,,,,,,,,
1,0.052893515676259995,0.026734143495559692,0.015455088578164577,0.012254222296178341,0.009857406839728355,0.008838813751935959,0.008216192945837975,0.00777881033718586,0.007475187070667744,0.007122887764126062,0.006828005891293287,0.0067656515166163445,,,,,,,,,,,,,,,,,,,,,,,,,,,,,,,,,,,,,,,,,,,,,,,,,,,,,,,,,,,,,,
2,0.05256392061710358,0.03500136733055115,0.03488398715853691,0.03509318456053734,0.03496088087558746,0.0348823219537735,0.03484731912612915,0.03497123718261719,,,,,,,,,,,,,,,,,,,,,,,,,,,,,,,,,,,,,,,,,,,,,,,,,,,,,,,,,,,,,,,,,,
3,0.04531431198120117,0.025677721947431564,0.015530776232481003,0.010503864847123623,0.008903459645807743,0.007980874739587307,0.007159861735999584,0.006855389568954706,0.006710805930197239,0.006351522635668516,0.006349984556436539,,,,,,,,,,,,,,,,,,,,,,,,,,,,,,,,,,,,,,,,,,,,,,,,,,,,,,,,,,,,,,,
4,0.03853816166520119,0.017077764496207237,0.012332736514508724,0.00992655847221613,0.007986459881067276,0.007677225396037102,0.007163170259445906,0.006900415755808353,0.006548155099153519,0.0064513967372477055,0.006191778928041458,0.006019775755703449,0.005939093884080648,0.005941659212112427,0.0056531792506575584,0.005567137151956558,0.0055956970900297165,0.00551685132086277,0.005276921670883894,0.005265522748231888,0.0052736904472112656,0.005104257259517908,0.005109577439725399,0.004997188225388527,0.0051297713071107864,0.004881861619651318,0.004945713095366955,0.004950791131705046,0.00484690023586154,0.004764168057590723,0.0047563896514475346,0.004751467611640692,0.004654761869460344,0.004687735345214605,0.004649121314287186,0.004603387787938118,0.00462116627022624,0.004530668258666992,0.004491714294999838,0.004527357406914234,0.004467074293643236,0.004323769826442003,0.0044504511170089245,0.004363751970231533,0.004277780186384916,0.004266160074621439,0.004260138142853975,0.00420098751783371,0.0042357961647212505,0.004166663624346256,0.004176924470812082,0.004164916928857565,0.004065454471856356,0.00402101082727313,0.003995902836322784,0.004117301665246487,0.004112425725907087,0.004010925069451332,0.003970246762037277,0.003938309382647276,0.00395876495167613,0.003885469865053892,0.003873661393299699,0.003933560103178024,0.003912977408617735,0.003859474789351225,,,,,,,,
5,0.051062583923339844,0.034871332347393036,0.03317711129784584,0.021214166656136513,0.013499234803020954,0.009815257973968983,0.008410917595028877,0.008041146211326122,0.007494940422475338,0.007234638091176748,0.006725378334522247,0.006624506786465645,0.006358233746141195,0.006275084801018238,0.006058954168111086,0.005981641821563244,0.005938590969890356,0.005835408810526133,0.005761346779763699,0.005799973849207163,0.005710188299417496,0.005469926632940769,0.00547657860442996,0.00541195971891284,0.005418814718723297,0.005277477670460939,0.0051041399128735065,0.005046935752034187,0.005053440108895302,0.004968767054378986,0.004970521200448275,0.004982348531484604,0.0049054319970309734,0.0048718578182160854,0.004787998739629984,0.004781235940754414,0.004723775200545788,0.004810933955013752,0.0046499124728143215,0.004721831995993853,0.004636813886463642,0.004573778249323368,0.0045569948852062225,0.004561227280646563,0.004565867129713297,0.004588810261338949,0.004594507161527872,0.0043928674422204494,0.004486148711293936,0.00456036115065217,,,,,,,,,,,,,,,,,,,,,,,,
6,0.05000188574194908,0.021051473915576935,0.013538200408220291,0.009640034288167953,0.008817481808364391,0.007914374582469463,0.007279121782630682,0.0071136849001049995,0.006798676215112209,0.0065716034732759,0.006257306784391403,0.0061581977643072605,0.005986179690808058,0.005949050188064575,0.005741030443459749,0.005569225177168846,0.005526854656636715,0.005398398265242577,0.005377001129090786,0.005272274371236563,0.005293042398989201,0.005241656210273504,0.005206604488193989,0.005214290227741003,0.005066845566034317,0.004955996759235859,0.004995156079530716,0.005021732300519943,0.004855024162679911,0.004938551224768162,0.004854957573115826,0.004836927633732557,0.0047108749859035015,0.004669239744544029,0.004610498435795307,0.00464111752808094,0.004530592821538448,0.004603381734341383,0.00456061027944088,0.004462637938559055,,,,,,,,,,,,,,,,,,,,,,,,,,,,,,,,,,
7,0.04398219659924507,0.02453434094786644,0.013300330378115177,0.010397754609584808,0.00837608240544796,0.00783185288310051,0.007245211396366358,0.00709358137100935,0.0067037735134363174,0.006613738369196653,0.006378247402608395,,,,,,,,,,,,,,,,,,,,,,,,,,,,,,,,,,,,,,,,,,,,,,,,,,,,,,,,,,,,,,,
8,0.049224626272916794,0.03341236710548401,0.025028472766280174,0.01488666981458664,0.009802114218473434,0.008499066345393658,0.007869763299822807,0.007415090221911669,0.007023939862847328,0.006929420866072178,0.006744773592799902,0.006624357774853706,0.006512235384434462,,,,,,,,,,,,,,,,,,,,,,,,,,,,,,,,,,,,,,,,,,,,,,,,,,,,,,,,,,,,,
9,0.045075591653585434,0.030554374679923058,0.01442522183060646,0.00944245420396328,0.008682839572429657,0.007762837689369917,0.007127001881599426,0.0067415861412882805,0.006613662466406822,0.006480432115495205,0.0062539950013160706,0.006116553675383329,0.005949852522462606,0.00587903056293726,0.005772745236754417,0.005773730576038361,0.005558859556913376,0.005598006304353476,0.005542221013456583,0.005371754057705402,0.005326308310031891,0.0053164102137088776,0.005194253753870726,0.0051711853593587875,0.005074969492852688,0.005043217446655035,0.00506657175719738,0.005083580035716295,0.004982785787433386,0.004964816849678755,0.004942173138260841,0.004888466093689203,0.004808935336768627,0.0048195794224739075,0.004855070263147354,0.004766226280480623,0.004684189800173044,0.004662100691348314,0.004630322568118572,0.00461772084236145,0.004629768431186676,0.004576924256980419,0.004596578422933817,,,,,,,,,,,,,,,,,,,,,,,,,,,,,,,
10,0.054268524050712585,0.02975502237677574,0.016292253509163857,0.011067931540310383,0.00855289213359356,0.007665304001420736,0.0072333840653300285,0.006882824469357729,0.006550972815603018,0.006387889850884676,0.00622165622189641,0.0060254051350057125,0.005837205331772566,0.005792967043817043,0.005604351870715618,,,,,,,,,,,,,,,,,,,,,,,,,,,,,,,,,,,,,,,,,,,,,,,,,,,,,,,,,,,
11,0.0499141588807106,0.0359388142824173,0.021975213661789894,0.01126717496663332,0.009030912071466446,0.008159123361110687,0.007319750729948282,0.007016440387815237,0.006920825690031052,0.006557005923241377,0.006579095497727394,0.006370001472532749,0.006129348650574684,0.005963418632745743,0.005873280111700296,0.005879971198737621,0.005833808798342943,0.005682916380465031,0.005636387038975954,0.005526917055249214,0.005513973068445921,0.005468257702887058,0.005403489805757999,0.005304356105625629,0.005221216939389706,0.005186526104807854,0.0051888651214540005,0.005032755900174379,0.005006713327020407,0.005009005777537823,0.0049475072883069515,0.0049039083532989025,0.004795013461261988,0.004714684095233679,0.00468830019235611,0.004663372412323952,0.00466230558231473,0.004604929126799107,0.004538239911198616,0.004591853823512793,0.004580378998070955,0.0044866446405649185,0.004485946148633957,0.004458325449377298,0.00439306627959013,0.004391713533550501,0.004362159408628941,0.004317471291869879,,,,,,,,,,,,,,,,,,,,,,,,,,
12,0.04219726473093033,0.019565364345908165,0.011580822989344597,0.009071018546819687,0.008168558590114117,0.007499162573367357,0.007189909927546978,0.00689380057156086,0.006706928834319115,0.00636043306440115,0.00623303884640336,0.00601459015160799,0.005930193699896336,0.005850564688444138,0.005756398197263479,0.005612004082649946,0.005481537897139788,0.0055631292052567005,0.005479840096086264,0.005246330983936787,0.005254298448562622,0.005110241938382387,0.005094671621918678,0.004956833086907864,0.00493458891287446,0.004941666964441538,0.004783021751791239,0.004678390454500914,0.0047516427002847195,0.004678815603256226,0.0046568699181079865,0.004507299046963453,0.004583125002682209,0.004381625447422266,0.004485154524445534,0.004357060417532921,0.00427637854591012,0.004355336539447308,0.004236764740198851,0.004323762841522694,,,,,,,,,,,,,,,,,,,,,,,,,,,,,,,,,,
13,0.05279270559549332,0.032877836376428604,0.018000029027462006,0.011342443525791168,0.008380446583032608,0.007830810733139515,0.007315899711102247,0.006869804114103317,0.006700633093714714,0.006448901724070311,,,,,,,,,,,,,,,,,,,,,,,,,,,,,,,,,,,,,,,,,,,,,,,,,,,,,,,,,,,,,,,,
14,0.04667256027460098,0.02030465565621853,0.012629651464521885,0.009183106943964958,0.007654807064682245,0.007025479804724455,0.006964259780943394,0.00655036186799407,0.006348382215946913,0.00595325231552124,0.005876944866031408,0.005507125984877348,0.005484235938638449,0.005171476397663355,0.005004213657230139,0.004949791356921196,0.00485249375924468,0.004870768170803785,0.0048354268074035645,0.004722592420876026,0.004668448120355606,0.004581447225064039,0.004533815197646618,0.004529399797320366,0.004580891691148281,0.004484366625547409,0.004364058841019869,0.004333070479333401,0.004343300126492977,0.004302298650145531,0.004249441437423229,0.004204106517136097,0.00419406034052372,0.004167226608842611,0.004087469074875116,0.004089461173862219,0.0040623196400702,0.0041054608300328255,0.004044307861477137,0.004011203069239855,,,,,,,,,,,,,,,,,,,,,,,,,,,,,,,,,,
15,0.04790975898504257,0.018273374065756798,0.011091857217252254,0.008779508993029594,0.007555260322988033,0.0072697969153523445,0.0067759426310658455,0.006699850782752037,0.00649561220780015,0.006314871367067099,0.0059335860423743725,0.005915507674217224,0.005803768523037434,0.005627453792840242,0.005447953008115292,0.005289612803608179,0.00513076176866889,0.005106833763420582,0.005058289039880037,0.004924731329083443,0.0048386408016085625,0.004860168322920799,0.004816741682589054,0.004748899955302477,0.004617888014763594,0.00457582576200366,0.004564814735203981,0.004399452358484268,0.004368482157588005,0.004364283289760351,0.004302468616515398,0.004251482430845499,0.00425471318885684,0.0041618081741034985,0.004106061067432165,0.004204862285405397,0.00409633619710803,0.004127604886889458,0.00405387207865715,0.004008897580206394,0.003950811456888914,0.004007676150649786,0.0040058777667582035,0.00393624696880579,0.003932409454137087,0.0038540426176041365,0.0037865417543798685,0.0038041952066123486,0.003802100196480751,0.0037030400708317757,0.003797815414145589,0.0036346502602100372,0.0036669750697910786,0.003621126292273402,0.003616656642407179,0.0036542806774377823,0.0036127117928117514,0.0035476665943861008,0.0035815658047795296,0.003554639173671603,0.0034850614611059427,0.0034296009689569473,0.0034506393130868673,0.0034753240179270506,0.0034411423839628696,0.003411275567486882,0.0033471554052084684,0.003366233082488179,0.0033872423227876425,0.0033072535879909992,0.00332884443923831,0.003348661120980978,0.0033306912519037724,0.003286310937255621
16,0.04901064932346344,0.020520908758044243,0.011684988625347614,0.009604260325431824,0.008586756885051727,0.007790328934788704,0.007490313611924648,0.006819586269557476,0.00666393805295229,0.0061819409020245075,0.006135258357971907,0.006023745518177748,0.005857239477336407,0.005726314149796963,0.0055233086459338665,0.005642174277454615,0.005406659096479416,0.005448100157082081,0.005349090788513422,0.005148523021489382,0.005078006535768509,0.005107163917273283,0.005039726383984089,0.004911100957542658,0.0049048676155507565,0.004946105182170868,0.004740924574434757,0.004799256566911936,0.004636796656996012,0.004617862869054079,0.004621796775609255,0.004646850284188986,0.004421587567776442,0.004422008525580168,0.00439175870269537,0.00433244276791811,0.004307533614337444,0.004292017314583063,0.00421463418751955,0.004233861807733774,0.00412951922044158,0.004082939121872187,0.004063678439706564,0.004008215386420488,0.004026114009320736,0.004002238158136606,0.003981989808380604,0.003920409362763166,0.00391584075987339,0.0038561271503567696,0.003891722531989217,0.0038156553637236357,0.003785438369959593,0.0037065912038087845,0.00375860882923007,0.003697317326441407,0.003687746124342084,,,,,,,,,,,,,,,,,
17,0.05164267122745514,0.035995326936244965,0.019205177202820778,0.010181218385696411,0.008222583681344986,0.007342425175011158,0.006707942578941584,0.006557939574122429,0.0063347709365189075,0.006273387465626001,0.006082511506974697,0.006028416100889444,0.005858175456523895,0.005714124068617821,0.005583970807492733,0.005521059036254883,0.005399889778345823,0.005312829278409481,0.00525678088888526,0.0051273321732878685,0.005071938969194889,0.005014238879084587,0.004993957933038473,0.004849647171795368,0.004895467311143875,0.004770500119775534,0.004630697425454855,0.00462667690590024,0.0046543520875275135,0.0045792837627232075,0.004505028482526541,0.004545840434730053,0.0044680070132017136,0.00442824512720108,0.00433612335473299,0.004316807258874178,0.004348153248429298,0.004277761094272137,0.004214770160615444,0.004238024819642305,0.004176793619990349,0.004114026203751564,0.0040854173712432384,0.0041128285229206085,0.004036216996610165,0.004076707176864147,0.003940294496715069,0.004002911038696766,0.003970396239310503,0.0039789373986423016,0.003951380494982004,0.003826896892860532,0.003867357037961483,0.003873144742101431,0.0038443543016910553,0.0037582183722406626,,,,,,,,,,,,,,,,,,
18,0.0511724017560482,0.035713814198970795,0.023889388889074326,0.013330942951142788,0.009900915436446667,0.008697976358234882,0.007986200973391533,0.007552637718617916,0.007012704387307167,0.0066725118085742,0.006647989619523287,0.006363886874169111,0.0062812017276883125,0.006116052158176899,0.005937876179814339,0.0058011505752801895,0.0057249246165156364,0.005680048372596502,0.005655521061271429,0.005529130343347788,0.005486979149281979,0.005399663932621479,0.005324976053088903,0.005204448942095041,0.005192865151911974,0.005089051090180874,0.0050455075688660145,0.005053976085036993,0.004952151328325272,0.004774763714522123,0.004835793282836676,0.004688273184001446,0.004664651583880186,0.00453410018235445,0.0044334144331514835,0.004442354664206505,,,,,,,,,,,,,,,,,,,,,,,,,,,,,,,,,,,,,,
19,0.05048190802335739,0.03394288197159767,0.02295641228556633,0.012288041412830353,0.009147176519036293,0.008060474880039692,0.007429143413901329,0.006928584538400173,0.006751087959855795,0.006426879670470953,,,,,,,,,,,,,,,,,,,,,,,,,,,,,,,,,,,,,,,,,,,,,,,,,,,,,,,,,,,,,,,,
20,0.045217253267765045,0.017645159736275673,0.010135690681636333,0.008519608527421951,0.007726805750280619,0.0073118689469993114,0.006864846218377352,0.006536918692290783,0.006513694301247597,0.006148939486593008,0.006020877975970507,0.006049104034900665,0.005864640232175589,0.005582378711551428,0.005549258552491665,0.0053823599591851234,0.0051966155879199505,0.00524132139980793,0.0051139830611646175,0.0049921805039048195,0.004907310474663973,0.004725485574454069,0.004720574710518122,0.0045970166102051735,0.004579484462738037,0.0044892835430800915,0.004440466873347759,0.004396403208374977,0.004233178216964006,,,,,,,,,,,,,,,,,,,,,,,,,,,,,,,,,,,,,,,,,,,,,
21,0.05648759752511978,0.03771495446562767,0.036763809621334076,0.02338060922920704,0.011925996281206608,0.008030838333070278,0.0073238760232925415,0.0069164251908659935,0.006837090011686087,0.006788414437323809,,,,,,,,,,,,,,,,,,,,,,,,,,,,,,,,,,,,,,,,,,,,,,,,,,,,,,,,,,,,,,,,
22,0.04702146351337433,0.03849025443196297,0.037903834134340286,0.0372219979763031,0.03602675348520279,0.018974868580698967,0.009623649530112743,0.008632676675915718,0.007564966566860676,0.007416347973048687,,,,,,,,,,,,,,,,,,,,,,,,,,,,,,,,,,,,,,,,,,,,,,,,,,,,,,,,,,,,,,,,
23,0.05164431780576706,0.01999184675514698,0.011211642064154148,0.008947807364165783,0.007903657853603363,0.007622066885232925,0.0073312437161803246,0.007286548614501953,0.006973626092076302,,,,,,,,,,,,,,,,,,,,,,,,,,,,,,,,,,,,,,,,,,,,,,,,,,,,,,,,,,,,,,,,,
24,0.051364339888095856,0.024332096800208092,0.013229373842477798,0.008883114904165268,0.008176890201866627,0.0074785323813557625,0.007020600605756044,0.006837853230535984,,,,,,,,,,,,,,,,,,,,,,,,,,,,,,,,,,,,,,,,,,,,,,,,,,,,,,,,,,,,,,,,,,
25,0.058543507009744644,0.039414502680301666,0.02378588542342186,0.01151014119386673,0.008435473777353764,0.007771444972604513,0.0072235846891999245,0.006932905875146389,,,,,,,,,,,,,,,,,,,,,,,,,,,,,,,,,,,,,,,,,,,,,,,,,,,,,,,,,,,,,,,,,,
26,0.05929555371403694,0.023544320836663246,0.01128403376787901,0.009089290164411068,0.008232704363763332,0.007781150285154581,0.007477960549294949,0.007126522250473499,0.006948276422917843,0.00669633224606514,,,,,,,,,,,,,,,,,,,,,,,,,,,,,,,,,,,,,,,,,,,,,,,,,,,,,,,,,,,,,,,,
27,0.04847393184900284,0.023852825164794922,0.0121039729565382,0.009142976254224777,0.008139333687722683,0.007541080471128225,0.0071190353482961655,0.006991751026362181,0.006466249004006386,0.006453543435782194,0.006152510643005371,0.0060809007845819,,,,,,,,,,,,,,,,,,,,,,,,,,,,,,,,,,,,,,,,,,,,,,,,,,,,,,,,,,,,,,
28,0.04798740893602371,0.021845564246177673,0.010376367717981339,0.008978884667158127,0.008500914089381695,0.007891636341810226,0.007317868992686272,0.00698816915974021,0.006564689800143242,0.006323313806205988,0.006127818487584591,0.005895559210330248,0.005726641975343227,0.005601235665380955,0.005551822483539581,0.005366315599530935,0.005241367965936661,,,,,,,,,,,,,,,,,,,,,,,,,,,,,,,,,,,,,,,,,,,,,,,,,,,,,,,,,
29,0.05915917828679085,0.038969509303569794,0.03820304200053215,0.03720460087060928,0.025995081290602684,0.015380042605102062,0.012912509962916374,0.009899776428937912,0.007713965605944395,0.007059201132506132,0.006908989045768976,0.006622080225497484,0.00628583412617445,0.006462113931775093,0.006119130179286003,0.006284406874328852,0.006060250103473663,0.006010335870087147,0.005925584118813276,,,,,,,,,,,,,,,,,,,,,,,,,,,,,,,,,,,,,,,,,,,,,,,,,,,,,,,
30,0.05294383689761162,0.039892103523015976,0.03843732550740242,0.034395456314086914,0.01403963752090931,0.008735807612538338,0.007171974517405033,0.006669210270047188,0.006253594532608986,0.0060340641066432,0.005779862403869629,,,,,,,,,,,,,,,,,,,,,,,,,,,,,,,,,,,,,,,,,,,,,,,,,,,,,,,,,,,,,,,
31,0.061627984046936035,0.03292802348732948,0.01763199083507061,0.010228249244391918,0.008943116292357445,0.008088715374469757,0.007396104279905558,0.007076868321746588,0.006724310573190451,,,,,,,,,,,,,,,,,,,,,,,,,,,,,,,,,,,,,,,,,,,,,,,,,,,,,,,,,,,,,,,,,
32,0.05806003510951996,0.030246438458561897,0.014723530039191246,0.009670271538197994,0.008692551404237747,0.008053778670728207,0.0075065759010612965,,,,,,,,,,,,,,,,,,,,,,,,,,,,,,,,,,,,,,,,,,,,,,,,,,,,,,,,,,,,,,,,,,,
33,0.06043875589966774,0.03362211585044861,0.015205353498458862,0.009900609031319618,0.008502084761857986,0.008214580826461315,0.007391565479338169,0.007021933328360319,0.006670551840215921,0.006436941213905811,0.006399963051080704,0.0063247717916965485,0.005958162248134613,0.00605592830106616,0.005865229293704033,0.005732179619371891,,,,,,,,,,,,,,,,,,,,,,,,,,,,,,,,,,,,,,,,,,,,,,,,,,,,,,,,,,
34,0.04894738644361496,0.034297533333301544,0.026386437937617302,0.014032341539859772,0.0097443712875247,0.008107843808829784,0.0072721014730632305,0.0067544179037213326,0.006574453320354223,0.006321956403553486,0.00605011684820056,0.006257182452827692,0.005805240012705326,0.005939300637692213,0.0058840736746788025,,,,,,,,,,,,,,,,,,,,,,,,,,,,,,,,,,,,,,,,,,,,,,,,,,,,,,,,,,,
35,0.06863804161548615,0.039615124464035034,0.03583115339279175,0.0168842114508152,0.012079697102308273,0.008744539692997932,0.00794631615281105,0.007523690350353718,0.007248235400766134,0.006840541027486324,0.0067343395203351974,0.0063324556685984135,0.006214025430381298,0.006353411823511124,0.0061052762903273106,0.0057798405177891254,0.005916837137192488,0.005817641969770193,0.005860801320523024,,,,,,,,,,,,,,,,,,,,,,,,,,,,,,,,,,,,,,,,,,,,,,,,,,,,,,,
36,0.06396619975566864,0.03257376700639725,0.021357936784625053,0.012567793019115925,0.009635603055357933,0.00852051842957735,0.008099038153886795,0.007541321218013763,0.006812497042119503,0.006488090846687555,0.006308675277978182,0.00617834972217679,0.005890396889299154,0.005655354354530573,0.005606566555798054,0.005534979980438948,0.005263740662485361,0.005174686666578054,0.0050943647511303425,0.004964208696037531,0.004969892557710409,0.004780410323292017,0.004692861344665289,0.004778922535479069,0.004585562739521265,0.004489170853048563,0.0044513847678899765,0.004376566037535667,0.004275784362107515,0.004188083112239838,0.004203279037028551,0.0040395427495241165,0.004027192946523428,0.004008392803370953,0.0039869556203484535,0.0039051214698702097,0.0038577362429350615,0.0039258841425180435,0.0037729700561612844,0.003629540791735053,0.0036424866411834955,0.0036229053512215614,0.0037566935643553734,0.0036771325394511223,0.003620574716478586,0.0035743529442697763,,,,,,,,,,,,,,,,,,,,,,,,,,,,
37,0.06343907862901688,0.03800337016582489,0.028379661962389946,0.012982068583369255,0.008194992318749428,0.007827217690646648,0.006908542476594448,0.0067513990215957165,0.006612353026866913,0.006246549542993307,0.0062158540822565556,0.0059734247624874115,0.005825416184961796,0.00574773782864213,0.005585028324276209,0.0054053389467298985,0.005400451365858316,0.005408812314271927,0.0052835457026958466,0.005294409114867449,0.005263805855065584,,,,,,,,,,,,,,,,,,,,,,,,,,,,,,,,,,,,,,,,,,,,,,,,,,,,,
38,0.06504860520362854,0.03936532139778137,0.03877023980021477,0.03819195181131363,0.03760018199682236,0.03507348895072937,0.02015826664865017,0.012482665479183197,0.009312245063483715,0.008912799879908562,0.00799996592104435,0.007756446022540331,0.0074794236570596695,0.0071025812067091465,0.006774434354156256,0.006685618776828051,,,,,,,,,,,,,,,,,,,,,,,,,,,,,,,,,,,,,,,,,,,,,,,,,,,,,,,,,,
39,0.06485682725906372,0.036870092153549194,0.024777205660939217,0.015708938241004944,0.013540900312364101,0.018709005787968636,0.00866403803229332,0.008029931224882603,0.007661585230380297,0.007030357141047716,0.006556984037160873,0.00638212263584137,0.005937906913459301,0.005783544387668371,,,,,,,,,,,,,,,,,,,,,,,,,,,,,,,,,,,,,,,,,,,,,,,,,,,,,,,,,,,,
40,0.0651639848947525,0.039459556341171265,0.038807932287454605,0.03684108704328537,0.02501545287668705,0.011517631821334362,0.00981363095343113,0.006860916502773762,0.006671121343970299,0.00624313997104764,0.00614634295925498,0.006194340996444225,0.006051060277968645,0.005803437437862158,,,,,,,,,,,,,,,,,,,,,,,,,,,,,,,,,,,,,,,,,,,,,,,,,,,,,,,,,,,,
41,0.06500393897294998,0.03830215707421303,0.032324083149433136,0.015156974084675312,0.01002658810466528,0.009141435846686363,0.008297438733279705,0.007702636532485485,0.007244626525789499,0.006793193984776735,0.006747335661202669,0.0066459765657782555,0.0067108129151165485,0.006377203855663538,0.006508702412247658,0.006260931026190519,,,,,,,,,,,,,,,,,,,,,,,,,,,,,,,,,,,,,,,,,,,,,,,,,,,,,,,,,,
42,0.06384702026844025,0.036765631288290024,0.02512233890593052,0.015535111539065838,0.011384882964193821,0.009281466715037823,0.008711153641343117,0.008024340495467186,0.007520567625761032,0.007261567283421755,0.007212991360574961,0.006604579742997885,0.006576253101229668,0.006363098043948412,0.006167195737361908,0.0062945811077952385,0.00610321993008256,0.005910868756473064,0.005922260228544474,0.00595620134845376,0.005658136215060949,0.005730004981160164,0.00563024403527379,0.005469901487231255,0.005464924965053797,0.005406172014772892,0.005301486700773239,0.005316368769854307,0.005253056529909372,0.005101670511066914,0.005005470477044582,0.004989358596503735,0.004909405019134283,0.004768064245581627,0.004860203247517347,0.004637714475393295,0.004618356935679913,0.004525266587734222,0.004508685786277056,0.004504214506596327,0.0043126922100782394,0.004282687790691853,0.004252797458320856,0.004225526936352253,0.00407054740935564,0.004026299342513084,0.0040215179324150085,0.0040155379101634026,0.003982570022344589,0.0040674670599401,0.003937677945941687,0.0038056622724980116,0.0038135438226163387,0.003929386846721172,0.00380111881531775,0.003736380022019148,0.0037505049258470535,0.0036773940082639456,0.0036992093082517385,0.0036986356135457754,0.0036635766737163067,,,,,,,,,,,,,
43,0.060212600976228714,0.03673867508769035,0.02377656288444996,0.012089905329048634,0.00983915850520134,0.008449194021522999,0.00776013545691967,0.007154505234211683,0.006846921984106302,0.006404566112905741,0.0063644396141171455,0.006020981818437576,0.006037172395735979,0.006065137218683958,0.00580698624253273,0.005744403228163719,0.0056654117070138454,0.005457916297018528,0.0054814438335597515,0.005604026839137077,0.005345906596630812,,,,,,,,,,,,,,,,,,,,,,,,,,,,,,,,,,,,,,,,,,,,,,,,,,,,,
44,0.05383666977286339,0.027866391465067863,0.018953220918774605,0.012778443284332752,0.010184464044868946,0.008406640961766243,0.007337470538914204,0.006875551771372557,0.006521319970488548,0.00634352583438158,0.006017670966684818,,,,,,,,,,,,,,,,,,,,,,,,,,,,,,,,,,,,,,,,,,,,,,,,,,,,,,,,,,,,,,,
45,0.06467915326356888,0.038134533911943436,0.028875891119241714,0.01624627225100994,0.01038084365427494,0.008369769901037216,0.007699733600020409,0.007313725538551807,0.006814130581915379,0.006438087671995163,0.0062980810180306435,0.0060707759112119675,0.006015575956553221,0.0058473339304327965,0.005671340972185135,,,,,,,,,,,,,,,,,,,,,,,,,,,,,,,,,,,,,,,,,,,,,,,,,,,,,,,,,,,
46,0.06148754060268402,0.040844209492206573,0.03970131650567055,0.03868429362773895,0.03356923907995224,0.0185136329382658,0.010051910765469074,0.009026697836816311,0.007394264452159405,0.006934609264135361,0.006431493442505598,0.006290094461292028,0.006109787616878748,0.005790224764496088,0.005654104053974152,,,,,,,,,,,,,,,,,,,,,,,,,,,,,,,,,,,,,,,,,,,,,,,,,,,,,,,,,,,
47,0.0682869404554367,0.04190054535865784,0.03975657746195793,0.03713357821106911,0.027471313253045082,0.020418299362063408,0.017705228179693222,0.01397895347326994,0.011542237363755703,0.009496573358774185,0.008420689962804317,0.007316515315324068,0.006938864476978779,0.006599116139113903,0.00664576655253768,0.0065466612577438354,0.006270545534789562,0.0062929242849349976,0.006429124157875776,,,,,,,,,,,,,,,,,,,,,,,,,,,,,,,,,,,,,,,,,,,,,,,,,,,,,,,
48,0.06637267023324966,0.03477620333433151,0.028018269687891006,0.016540944576263428,0.010974631644785404,0.008907588198781013,0.007894000969827175,0.007569793611764908,0.00703815184533596,0.006589849479496479,0.006309675518423319,0.005699032451957464,0.005807803478091955,0.005360100883990526,0.0052398620173335075,0.005100587382912636,0.0050965165719389915,0.004909186158329248,0.004997574258595705,0.005024380050599575,0.004637837875634432,0.00465621380135417,0.004652178846299648,0.004464074969291687,0.004321231972426176,0.004331354517489672,0.0042515345849096775,0.004180053249001503,0.004062016494572163,0.004117955453693867,,,,,,,,,,,,,,,,,,,,,,,,,,,,,,,,,,,,,,,,,,,,
49,0.05911550298333168,0.027348395437002182,0.018002189695835114,0.0099977171048522,0.007704516872763634,0.00681935204192996,0.006202778313308954,0.005646370816975832,0.005482083186507225,0.005227554589509964,0.005038172006607056,0.004805020056664944,0.004651346243917942,0.004468398168683052,,,,,,,,,,,,,,,,,,,,,,,,,,,,,,,,,,,,,,,,,,,,,,,,,,,,,,,,,,,,
50,0.06386874616146088,0.030000396072864532,0.01937778666615486,0.011362391524016857,0.00847877748310566,0.007760677952319384,0.007411490194499493,0.006980231497436762,0.00630129175260663,0.006119139026850462,0.005991764832288027,0.005840590223670006,0.005555995274335146,,,,,,,,,,,,,,,,,,,,,,,,,,,,,,,,,,,,,,,,,,,,,,,,,,,,,,,,,,,,,
51,0.06558114290237427,0.039605461061000824,0.03883078694343567,0.03786846250295639,0.0364842526614666,0.02640160545706749,0.015114033594727516,0.010637300089001656,0.008598994463682175,0.008264170959591866,0.007810732815414667,,,,,,,,,,,,,,,,,,,,,,,,,,,,,,,,,,,,,,,,,,,,,,,,,,,,,,,,,,,,,,,
52,0.06192388758063316,0.034024227410554886,0.025930358096957207,0.014133545570075512,0.009858905337750912,0.007936895824968815,0.007561312988400459,0.007354545872658491,0.0065692090429365635,0.006042506545782089,0.005910122767090797,0.005582964047789574,0.005392076913267374,0.005250470247119665,0.00512269651517272,0.005062446929514408,0.004894884303212166,0.004676465410739183,0.004688374698162079,0.004562577232718468,0.004395529627799988,0.004404362756758928,0.004345885943621397,0.004232779145240784,0.0041936663910746574,0.004083744715899229,0.004023357294499874,0.003953590989112854,0.0038113777991384268,0.0038172996137291193,0.0036897771060466766,0.0036804538685828447,0.003599313320592046,0.0035122628323733807,0.0034274684730917215,0.0033700335770845413,0.003532840870320797,0.0033574290573596954,0.0032563013955950737,0.003125259652733803,0.0032846429385244846,0.0031233394984155893,0.00318494183011353,0.003151089884340763,,,,,,,,,,,,,,,,,,,,,,,,,,,,,,
53,0.05284490808844566,0.038806356489658356,0.03723796829581261,0.03560269623994827,0.02353603206574917,0.012449953705072403,0.009905179031193256,0.007725142408162355,0.007274567615240812,0.0066449991427361965,0.00653726514428854,0.006252874620258808,0.005740071181207895,,,,,,,,,,,,,,,,,,,,,,,,,,,,,,,,,,,,,,,,,,,,,,,,,,,,,,,,,,,,,
54,0.05879482254385948,0.03484948351979256,0.026287946850061417,0.015277820639312267,0.010832322761416435,0.009422749280929565,0.008421862497925758,0.007762101944535971,0.007116524502635002,0.006714061368256807,0.006403258070349693,0.006066920701414347,0.005681412294507027,,,,,,,,,,,,,,,,,,,,,,,,,,,,,,,,,,,,,,,,,,,,,,,,,,,,,,,,,,,,,
55,0.06429485976696014,0.0392824187874794,0.031101349741220474,0.016765637323260307,0.013104948215186596,0.010611040517687798,0.00884963944554329,0.008168768137693405,0.007394119631499052,0.006935823243111372,0.006712779402732849,0.006708556320518255,0.006906586699187756,0.006256378721445799,0.006173016037791967,,,,,,,,,,,,,,,,,,,,,,,,,,,,,,,,,,,,,,,,,,,,,,,,,,,,,,,,,,,
56,0.07028546929359436,0.036855071783065796,0.035291872918605804,0.02632911503314972,0.015856027603149414,0.01236021053045988,0.008615005761384964,0.008111781440675259,0.007598392199724913,0.0069794668816030025,0.006615211255848408,0.005810234695672989,0.005550340749323368,0.005451387260109186,0.005291059147566557,0.0051164706237614155,0.004920036531984806,0.004966141656041145,0.005078576039522886,0.004848995245993137,0.004868754651397467,0.004941291641443968,0.0050371428951621056,,,,,,,,,,,,,,,,,,,,,,,,,,,,,,,,,,,,,,,,,,,,,,,,,,,
57,0.06426002830266953,0.0321834534406662,0.023231782019138336,0.01552056334912777,0.011614375747740269,0.009967355988919735,0.009034163318574429,0.007950655184686184,0.007364467717707157,0.007226138841360807,0.006656177341938019,0.006552545353770256,0.006152614951133728,,,,,,,,,,,,,,,,,,,,,,,,,,,,,,,,,,,,,,,,,,,,,,,,,,,,,,,,,,,,,
58,0.05651560425758362,0.030599035322666168,0.024591287598013878,0.0195635873824358,0.015657711774110794,0.011760919354856014,0.009295768104493618,0.00741199404001236,0.0067774830386042595,0.00653085857629776,0.005789731629192829,0.005461689550429583,0.005135790444910526,,,,,,,,,,,,,,,,,,,,,,,,,,,,,,,,,,,,,,,,,,,,,,,,,,,,,,,,,,,,,
59,0.065146304666996,0.034693967550992966,0.031631626188755035,0.020659245550632477,0.014742561616003513,0.011111415922641754,0.008808208629488945,0.008247342891991138,0.007631033658981323,0.0070306346751749516,0.006350869778543711,0.006028658244758844,,,,,,,,,,,,,,,,,,,,,,,,,,,,,,,,,,,,,,,,,,,,,,,,,,,,,,,,,,,,,,
60,0.07689174264669418,0.0353597030043602,0.03153626620769501,0.021994182839989662,0.014050462283194065,0.010198558680713177,0.00896119512617588,0.008799218572676182,0.007961140014231205,0.007734999060630798,0.007573379669338465,0.007224997505545616,0.006917072460055351,0.0065118903294205666,0.006109470501542091,0.005935317371040583,0.005520204547792673,,,,,,,,,,,,,,,,,,,,,,,,,,,,,,,,,,,,,,,,,,,,,,,,,,,,,,,,,
61,0.07004312425851822,0.03379553556442261,0.025259189307689667,0.01505609042942524,0.010320959612727165,0.008743071928620338,0.00803464837372303,0.00740061653777957,0.006784446071833372,0.006700746715068817,0.006333733908832073,0.006093531847000122,0.005966351833194494,0.005899586249142885,0.005735758226364851,0.005595813971012831,,,,,,,,,,,,,,,,,,,,,,,,,,,,,,,,,,,,,,,,,,,,,,,,,,,,,,,,,,
62,0.07538087666034698,0.03603086248040199,0.035695310682058334,0.03384630009531975,0.0265852939337492,0.01674153283238411,0.01285628043115139,0.009517241269350052,0.008366680704057217,0.007881831377744675,0.007374990731477737,0.007213175762444735,0.006870985496789217,0.006943834479898214,0.006666988134384155,0.006083592772483826,0.006105727981775999,0.005744993686676025,0.005488682072609663,0.005437221843749285,0.005014972295612097,0.005061255767941475,0.005001071374863386,0.0048019904643297195,,,,,,,,,,,,,,,,,,,,,,,,,,,,,,,,,,,,,,,,,,,,,,,,,,
63,0.06020371988415718,0.03154423087835312,0.023571208119392395,0.015832444652915,0.013422824442386627,0.010293289087712765,0.008661295287311077,0.008036141283810139,0.0076317680068314075,0.007062792778015137,0.006706579122692347,0.006389125715941191,0.006035428494215012,0.005965372547507286,0.005587582476437092,0.005590892396867275,0.005546884145587683,0.0054684286005795,0.005366574507206678,0.005041223485022783,0.004942950792610645,0.004827642347663641,0.004991278052330017,0.004840056877583265,0.004697071388363838,0.00458214757964015,0.004623466171324253,,,,,,,,,,,,,,,,,,,,,,,,,,,,,,,,,,,,,,,,,,,,,,,
64,0.07545405626296997,0.039245668798685074,0.03843139484524727,0.0380978062748909,0.038218509405851364,0.037448007613420486,0.037104543298482895,0.034554388374090195,0.023769374936819077,0.016519462689757347,0.009004385210573673,0.007964009419083595,0.007714368868619204,0.0070344326086342335,0.006983296945691109,,,,,,,,,,,,,,,,,,,,,,,,,,,,,,,,,,,,,,,,,,,,,,,,,,,,,,,,,,,
65,0.07456213235855103,0.03352285176515579,0.031086120754480362,0.025801580399274826,0.016448242589831352,0.012551726773381233,0.009705992415547371,0.009019317105412483,0.008478909730911255,0.007773896213620901,0.007303840946406126,0.0071633802726864815,0.00649599963799119,0.006221851333975792,0.006358749233186245,0.0060506546869874,0.005741266533732414,0.005491658579558134,0.005616980139166117,0.0053625586442649364,0.005499415099620819,0.005311119370162487,0.005219416692852974,0.005319517105817795,0.00506945326924324,,,,,,,,,,,,,,,,,,,,,,,,,,,,,,,,,,,,,,,,,,,,,,,,,
66,0.05395721271634102,0.035388316959142685,0.03324400261044502,0.03075910173356533,0.024855593219399452,0.01783141680061817,0.014132680371403694,0.01078636571764946,0.00836909469217062,0.007715579122304916,0.007102458272129297,0.006640264298766851,0.006748841144144535,0.006280647125095129,0.005968114361166954,0.005845504347234964,0.005683823022991419,0.005358200054615736,0.005375174339860678,0.005317496135830879,,,,,,,,,,,,,,,,,,,,,,,,,,,,,,,,,,,,,,,,,,,,,,,,,,,,,,
67,0.07018094509840012,0.03511372581124306,0.03237656131386757,0.027277633547782898,0.01902918890118599,0.0165083110332489,0.013088284991681576,0.010924062691628933,0.008591506630182266,0.007774729747325182,0.007531517650932074,0.006853389088064432,0.006983873434364796,0.006641782820224762,,,,,,,,,,,,,,,,,,,,,,,,,,,,,,,,,,,,,,,,,,,,,,,,,,,,,,,,,,,,
68,0.07888022810220718,0.038506243377923965,0.037839263677597046,0.037252966314554214,0.037079811096191406,0.03679908812046051,0.036718424409627914,0.036429375410079956,0.0362003818154335,0.0356878824532032,0.03487209230661392,0.03304552286863327,0.023851638659834862,0.012053006328642368,0.009307321161031723,0.008023830130696297,0.007562699262052774,0.006686822976917028,0.006491424515843391,0.006319148000329733,0.006124023348093033,0.0059985010884702206,0.005905499681830406,0.005816387478262186,0.005556214600801468,0.005462142173200846,0.005232818424701691,0.005291123408824205,0.005127135664224625,0.004936728626489639,0.004996631760150194,0.004995872266590595,,,,,,,,,,,,,,,,,,,,,,,,,,,,,,,,,,,,,,,,,,
69,0.06513321399688721,0.040816668421030045,0.039666131138801575,0.039031270891427994,0.037974391132593155,0.03718271479010582,0.03585350513458252,0.028962023556232452,0.019244177266955376,0.017720453441143036,0.0109982555732131,0.008027703501284122,0.007826031185686588,0.00721017736941576,0.007190951146185398,0.006591218523681164,0.00628603296354413,0.005980791989713907,0.005864621605724096,0.005582953803241253,0.005541135091334581,0.005692313890904188,,,,,,,,,,,,,,,,,,,,,,,,,,,,,,,,,,,,,,,,,,,,,,,,,,,,
70,0.08089769631624222,0.03696702793240547,0.03498777002096176,0.032556839287281036,0.026057956740260124,0.017510462552309036,0.0140788983553648,0.010768297128379345,0.009701872244477272,0.008939980529248714,0.008119214326143265,0.008038057014346123,0.007486766669899225,0.0071556358598172665,0.006888862233608961,0.006591682322323322,0.006181763019412756,0.006360641214996576,0.006248484365642071,0.0057448032312095165,,,,,,,,,,,,,,,,,,,,,,,,,,,,,,,,,,,,,,,,,,,,,,,,,,,,,,
71,0.07775673270225525,0.03703229874372482,0.03518300876021385,0.03249587118625641,0.026110274717211723,0.017088565975427628,0.013187838718295097,0.010770491324365139,0.009339834563434124,0.008775655180215836,0.008790264837443829,0.008393744938075542,0.00781506858766079,0.007374657783657312,0.007272379007190466,0.006761622149497271,0.0064259665086865425,0.006207568105310202,0.006161918863654137,0.006180119700729847,,,,,,,,,,,,,,,,,,,,,,,,,,,,,,,,,,,,,,,,,,,,,,,,,,,,,,
72,0.08334525674581528,0.03736019879579544,0.03519544005393982,0.03348037973046303,0.027930866926908493,0.018982427194714546,0.017087072134017944,0.01497919112443924,0.0110834501683712,0.009438230656087399,0.008372302167117596,0.00756152393296361,0.007272595539689064,0.007415489759296179,0.006762541830539703,0.006768751423805952,,,,,,,,,,,,,,,,,,,,,,,,,,,,,,,,,,,,,,,,,,,,,,,,,,,,,,,,,,
73,0.08905696868896484,0.036096349358558655,0.03499878570437431,0.03399117290973663,0.03274627402424812,0.02969205565750599,0.020242715254426003,0.01636803336441517,0.014278462156653404,0.010810347273945808,0.010225802659988403,0.008362751454114914,0.008281686343252659,0.008012048900127411,0.007965023629367352,0.00740815931931138,0.007212517317384481,0.006962470710277557,0.0065544964745640755,0.006274152081459761,,,,,,,,,,,,,,,,,,,,,,,,,,,,,,,,,,,,,,,,,,,,,,,,,,,,,,
