Time,Values
2022-07-19 23:00:00,82.4
2022-07-19 23:30:00,73.4
2022-07-20 00:00:00,56.6
2022-07-20 00:30:00,50.0
2022-07-20 01:00:00,42.6
2022-07-20 01:30:00,36.2
2022-07-20 02:00:00,34.8
2022-07-20 02:30:00,33.6
2022-07-20 03:00:00,32.8
2022-07-20 03:30:00,34.0
2022-07-20 04:00:00,31.2
2022-07-20 04:30:00,37.8
2022-07-20 05:00:00,37.4
2022-07-20 05:30:00,37.2
2022-07-20 06:00:00,47.2
2022-07-20 06:30:00,59.8
2022-07-20 07:00:00,75.2
2022-07-20 07:30:00,99.2
2022-07-20 08:00:00,111.0
2022-07-20 08:30:00,113.4
2022-07-20 09:00:00,125.4
2022-07-20 09:30:00,122.0
2022-07-20 10:00:00,124.8
2022-07-20 10:30:00,125.8
2022-07-20 11:00:00,127.6
2022-07-20 11:30:00,119.4
2022-07-20 12:00:00,115.0
2022-07-20 12:30:00,112.2
2022-07-20 13:00:00,108.4
2022-07-20 13:30:00,112.8
2022-07-20 14:00:00,107.0
2022-07-20 14:30:00,109.2
2022-07-20 15:00:00,102.8
2022-07-20 15:30:00,106.4
2022-07-20 16:00:00,98.2
2022-07-20 16:30:00,96.6
2022-07-20 17:00:00,87.8
2022-07-20 17:30:00,90.0
2022-07-20 18:00:00,94.8
2022-07-20 18:30:00,93.8
2022-07-20 19:00:00,101.8
2022-07-20 19:30:00,114.6
2022-07-20 20:00:00,108.8
2022-07-20 20:30:00,108.8
2022-07-20 21:00:00,109.2
2022-07-20 21:30:00,95.2
2022-07-20 22:00:00,98.0
2022-07-20 22:30:00,92.0
2022-07-20 23:00:00,87.2
2022-07-20 23:30:00,72.8
2022-07-21 00:00:00,65.2
2022-07-21 00:30:00,55.6
2022-07-21 01:00:00,43.8
2022-07-21 01:30:00,36.6
2022-07-21 02:00:00,32.8
2022-07-21 02:30:00,37.0
2022-07-21 03:00:00,37.6
2022-07-21 03:30:00,35.6
2022-07-21 04:00:00,26.8
2022-07-21 04:30:00,33.8
2022-07-21 05:00:00,36.8
2022-07-21 05:30:00,36.8
2022-07-21 06:00:00,43.4
2022-07-21 06:30:00,54.2
2022-07-21 07:00:00,73.8
2022-07-21 07:30:00,89.6
2022-07-21 08:00:00,113.2
2022-07-21 08:30:00,121.0
2022-07-21 09:00:00,103.6
2022-07-21 09:30:00,110.6
2022-07-21 10:00:00,106.8
2022-07-21 10:30:00,110.6
2022-07-21 11:00:00,143.6
2022-07-21 11:30:00,166.2
2022-07-21 12:00:00,126.2
2022-07-21 12:30:00,103.2
2022-07-21 13:00:00,107.8
2022-07-21 13:30:00,128.2
2022-07-21 14:00:00,152.0
2022-07-21 14:30:00,141.6
2022-07-21 15:00:00,121.6
2022-07-21 15:30:00,105.6
2022-07-21 16:00:00,98.6
2022-07-21 16:30:00,90.8
2022-07-21 17:00:00,92.8
2022-07-21 17:30:00,92.2
2022-07-21 18:00:00,97.0
2022-07-21 18:30:00,102.2
2022-07-21 19:00:00,113.4
2022-07-21 19:30:00,118.8
2022-07-21 20:00:00,108.0
2022-07-21 20:30:00,108.0
2022-07-21 21:00:00,106.8
2022-07-21 21:30:00,97.0
2022-07-21 22:00:00,89.2
2022-07-21 22:30:00,87.2
2022-07-21 23:00:00,84.4
2022-07-21 23:30:00,71.6
2022-07-22 00:00:00,59.2
2022-07-22 00:30:00,46.6
2022-07-22 01:00:00,37.6
2022-07-22 01:30:00,33.4
2022-07-22 02:00:00,29.2
2022-07-22 02:30:00,27.0
2022-07-22 03:00:00,25.4
2022-07-22 03:30:00,27.6
2022-07-22 04:00:00,31.6
2022-07-22 04:30:00,38.0
2022-07-22 05:00:00,42.2
2022-07-22 05:30:00,42.0
2022-07-22 06:00:00,50.4
2022-07-22 06:30:00,61.4
2022-07-22 07:00:00,83.0
2022-07-22 07:30:00,94.8
2022-07-22 08:00:00,97.2
2022-07-22 08:30:00,106.2
2022-07-22 09:00:00,109.8
2022-07-22 09:30:00,111.4
2022-07-22 10:00:00,113.8
2022-07-22 10:30:00,110.4
2022-07-22 11:00:00,118.6
2022-07-22 11:30:00,110.2
2022-07-22 12:00:00,112.8
2022-07-22 12:30:00,122.2
2022-07-22 13:00:00,113.6
2022-07-22 13:30:00,115.6
2022-07-22 14:00:00,113.0
2022-07-22 14:30:00,102.6
2022-07-22 15:00:00,105.0
2022-07-22 15:30:00,108.2
2022-07-22 16:00:00,109.4
2022-07-22 16:30:00,90.2
2022-07-22 17:00:00,89.4
2022-07-22 17:30:00,95.8
2022-07-22 18:00:00,93.8
2022-07-22 18:30:00,103.2
2022-07-22 19:00:00,109.0
2022-07-22 19:30:00,112.6
2022-07-22 20:00:00,115.4
2022-07-22 20:30:00,107.2
2022-07-22 21:00:00,109.6
2022-07-22 21:30:00,98.6
2022-07-22 22:00:00,97.4
2022-07-22 22:30:00,90.2
2022-07-22 23:00:00,93.6
2022-07-22 23:30:00,84.8
2022-07-23 00:00:00,81.0
2022-07-23 00:30:00,67.0
2022-07-23 01:00:00,52.6
2022-07-23 01:30:00,46.8
2022-07-23 02:00:00,40.4
2022-07-23 02:30:00,37.0
2022-07-23 03:00:00,34.0
2022-07-23 03:30:00,34.6
2022-07-23 04:00:00,28.2
2022-07-23 04:30:00,31.0
2022-07-23 05:00:00,32.0
2022-07-23 05:30:00,31.0
2022-07-23 06:00:00,35.6
2022-07-23 06:30:00,44.2
2022-07-23 07:00:00,77.2
2022-07-23 07:30:00,71.6
2022-07-23 08:00:00,74.6
2022-07-23 08:30:00,89.8
2022-07-23 09:00:00,100.2
2022-07-23 09:30:00,116.2
2022-07-23 10:00:00,115.6
2022-07-23 10:30:00,114.6
2022-07-23 11:00:00,121.0
2022-07-23 11:30:00,116.0
2022-07-23 12:00:00,117.2
2022-07-23 12:30:00,106.0
2022-07-23 13:00:00,110.8
2022-07-23 13:30:00,106.8
2022-07-23 14:00:00,101.8
2022-07-23 14:30:00,97.4
2022-07-23 15:00:00,96.4
2022-07-23 15:30:00,93.8
2022-07-23 16:00:00,91.8
2022-07-23 16:30:00,83.2
2022-07-23 17:00:00,83.8
2022-07-23 17:30:00,86.4
2022-07-23 18:00:00,96.0
2022-07-23 18:30:00,93.2
2022-07-23 19:00:00,99.0
2022-07-23 19:30:00,110.8
2022-07-23 20:00:00,104.8
2022-07-23 20:30:00,109.4
2022-07-23 21:00:00,112.2
2022-07-23 21:30:00,106.0
2022-07-23 22:00:00,102.2
2022-07-23 22:30:00,95.8
2022-07-23 23:00:00,104.8
2022-07-23 23:30:00,101.4
2022-07-24 00:00:00,85.0
2022-07-24 00:30:00,65.4
2022-07-24 01:00:00,59.4
2022-07-24 01:30:00,50.6
2022-07-24 02:00:00,46.6
2022-07-24 02:30:00,42.2
2022-07-24 03:00:00,42.0
2022-07-24 03:30:00,37.8
2022-07-24 04:00:00,30.6
2022-07-24 04:30:00,31.6
2022-07-24 05:00:00,36.8
2022-07-24 05:30:00,31.2
2022-07-24 06:00:00,32.2
2022-07-24 06:30:00,39.4
2022-07-24 07:00:00,47.6
2022-07-24 07:30:00,59.8
2022-07-24 08:00:00,70.4
2022-07-24 08:30:00,82.2
2022-07-24 09:00:00,92.8
2022-07-24 09:30:00,95.0
2022-07-24 10:00:00,103.0
2022-07-24 10:30:00,109.4
2022-07-24 11:00:00,111.6
2022-07-24 11:30:00,103.4
2022-07-24 12:00:00,106.6
2022-07-24 12:30:00,100.8
2022-07-24 13:00:00,95.0
2022-07-24 13:30:00,94.0
2022-07-24 14:00:00,95.8
2022-07-24 14:30:00,87.4
2022-07-24 15:00:00,86.6
2022-07-24 15:30:00,87.6
2022-07-24 16:00:00,77.6
2022-07-24 16:30:00,71.8
2022-07-24 17:00:00,76.2
2022-07-24 17:30:00,79.8
2022-07-24 18:00:00,83.0
2022-07-24 18:30:00,85.2
2022-07-24 19:00:00,83.4
2022-07-24 19:30:00,88.2
2022-07-24 20:00:00,98.8
2022-07-24 20:30:00,103.6
2022-07-24 21:00:00,105.8
2022-07-24 21:30:00,97.2
2022-07-24 22:00:00,92.8
2022-07-24 22:30:00,88.0
2022-07-24 23:00:00,84.6
2022-07-24 23:30:00,76.8
2022-07-25 00:00:00,59.6
2022-07-25 00:30:00,51.8
2022-07-25 01:00:00,42.8
2022-07-25 01:30:00,37.8
2022-07-25 02:00:00,35.0
2022-07-25 02:30:00,34.8
2022-07-25 03:00:00,32.4
2022-07-25 03:30:00,28.6
2022-07-25 04:00:00,30.0
2022-07-25 04:30:00,33.0
2022-07-25 05:00:00,31.4
2022-07-25 05:30:00,35.4
2022-07-25 06:00:00,42.0
2022-07-25 06:30:00,62.6
2022-07-25 07:00:00,75.4
2022-07-25 07:30:00,95.4
2022-07-25 08:00:00,103.8
2022-07-25 08:30:00,116.6
2022-07-25 09:00:00,125.2
2022-07-25 09:30:00,128.4
2022-07-25 10:00:00,120.6
2022-07-25 10:30:00,127.0
2022-07-25 11:00:00,120.0
2022-07-25 11:30:00,117.4
2022-07-25 12:00:00,115.6
2022-07-25 12:30:00,127.4
2022-07-25 13:00:00,128.6
2022-07-25 13:30:00,122.0
2022-07-25 14:00:00,122.8
2022-07-25 14:30:00,124.0
2022-07-25 15:00:00,124.0
2022-07-25 15:30:00,113.8
2022-07-25 16:00:00,86.2
2022-07-25 16:30:00,79.4
2022-07-25 17:00:00,82.6
2022-07-25 17:30:00,85.6
2022-07-25 18:00:00,82.2
2022-07-25 18:30:00,89.4
2022-07-25 19:00:00,92.4
2022-07-25 19:30:00,97.4
2022-07-25 20:00:00,92.0
2022-07-25 20:30:00,96.8
2022-07-25 21:00:00,97.6
2022-07-25 21:30:00,95.6
2022-07-25 22:00:00,88.0
2022-07-25 22:30:00,84.0
2022-07-25 23:00:00,77.0
2022-07-25 23:30:00,67.4
2022-07-26 00:00:00,55.0
2022-07-26 00:30:00,46.8
2022-07-26 01:00:00,36.6
2022-07-26 01:30:00,31.0
2022-07-26 02:00:00,26.6
2022-07-26 02:30:00,25.6
2022-07-26 03:00:00,21.8
2022-07-26 03:30:00,20.8
2022-07-26 04:00:00,19.6
2022-07-26 04:30:00,26.4
2022-07-26 05:00:00,28.6
2022-07-26 05:30:00,27.6
2022-07-26 06:00:00,31.4
2022-07-26 06:30:00,47.8
2022-07-26 07:00:00,68.2
2022-07-26 07:30:00,83.0
2022-07-26 08:00:00,90.4
2022-07-26 08:30:00,103.4
2022-07-26 09:00:00,111.4
2022-07-26 09:30:00,111.4
2022-07-26 10:00:00,109.6
2022-07-26 10:30:00,112.0
2022-07-26 11:00:00,111.0
2022-07-26 11:30:00,99.2
2022-07-26 12:00:00,102.4
2022-07-26 12:30:00,105.4
2022-07-26 13:00:00,100.4
2022-07-26 13:30:00,102.4
2022-07-26 14:00:00,100.8
2022-07-26 14:30:00,101.0
2022-07-26 15:00:00,102.0
2022-07-26 15:30:00,106.6
2022-07-26 16:00:00,100.6
2022-07-26 16:30:00,97.0
2022-07-26 17:00:00,97.4
2022-07-26 17:30:00,87.0
2022-07-26 18:00:00,91.8
2022-07-26 18:30:00,95.0
2022-07-26 19:00:00,98.6
2022-07-26 19:30:00,105.2
2022-07-26 20:00:00,105.2
2022-07-26 20:30:00,101.4
2022-07-26 21:00:00,103.6
2022-07-26 21:30:00,95.8
2022-07-26 22:00:00,91.4
2022-07-26 22:30:00,84.0
2022-07-26 23:00:00,77.6
2022-07-26 23:30:00,64.8
2022-07-27 00:00:00,51.2
2022-07-27 00:30:00,42.4
2022-07-27 01:00:00,35.0
2022-07-27 01:30:00,28.4
2022-07-27 02:00:00,29.0
2022-07-27 02:30:00,28.6
2022-07-27 03:00:00,22.6
2022-07-27 03:30:00,22.0
2022-07-27 04:00:00,21.0
2022-07-27 04:30:00,26.4
2022-07-27 05:00:00,25.8
2022-07-27 05:30:00,25.8
2022-07-27 06:00:00,37.0
2022-07-27 06:30:00,52.6
2022-07-27 07:00:00,65.0
2022-07-27 07:30:00,86.6
2022-07-27 08:00:00,94.0
2022-07-27 08:30:00,97.0
2022-07-27 09:00:00,102.0
2022-07-27 09:30:00,112.8
2022-07-27 10:00:00,108.6
2022-07-27 10:30:00,113.6
2022-07-27 11:00:00,119.2
2022-07-27 11:30:00,111.0
2022-07-27 12:00:00,109.4
2022-07-27 12:30:00,105.2
2022-07-27 13:00:00,112.0
2022-07-27 13:30:00,104.6
2022-07-27 14:00:00,102.0
2022-07-27 14:30:00,98.4
2022-07-27 15:00:00,98.2
2022-07-27 15:30:00,105.4
2022-07-27 16:00:00,91.8
2022-07-27 16:30:00,91.6
2022-07-27 17:00:00,88.2
2022-07-27 17:30:00,85.2
2022-07-27 18:00:00,81.4
2022-07-27 18:30:00,100.2
2022-07-27 19:00:00,95.2
2022-07-27 19:30:00,101.6
2022-07-27 20:00:00,98.8
2022-07-27 20:30:00,96.0
2022-07-27 21:00:00,100.0
2022-07-27 21:30:00,92.0
2022-07-27 22:00:00,85.8
2022-07-27 22:30:00,80.6
2022-07-27 23:00:00,77.6
2022-07-27 23:30:00,65.2
2022-07-28 00:00:00,54.4
2022-07-28 00:30:00,47.6
2022-07-28 01:00:00,37.4
2022-07-28 01:30:00,30.6
2022-07-28 02:00:00,26.8
2022-07-28 02:30:00,25.4
2022-07-28 03:00:00,26.4
2022-07-28 03:30:00,29.6
2022-07-28 04:00:00,23.8
2022-07-28 04:30:00,26.4
2022-07-28 05:00:00,26.6
2022-07-28 05:30:00,27.8
2022-07-28 06:00:00,35.2
2022-07-28 06:30:00,55.8
2022-07-28 07:00:00,71.8
2022-07-28 07:30:00,87.8
2022-07-28 08:00:00,96.4
2022-07-28 08:30:00,97.6
2022-07-28 09:00:00,115.6
2022-07-28 09:30:00,116.6
2022-07-28 10:00:00,120.4
2022-07-28 10:30:00,117.0
2022-07-28 11:00:00,115.8
2022-07-28 11:30:00,106.4
2022-07-28 12:00:00,110.4
2022-07-28 12:30:00,101.2
2022-07-28 13:00:00,105.8
2022-07-28 13:30:00,102.4
2022-07-28 14:00:00,101.6
2022-07-28 14:30:00,98.4
2022-07-28 15:00:00,103.0
2022-07-28 15:30:00,95.4
2022-07-28 16:00:00,82.8
2022-07-28 16:30:00,82.0
2022-07-28 17:00:00,78.0
2022-07-28 17:30:00,83.2
2022-07-28 18:00:00,81.6
2022-07-28 18:30:00,93.6
2022-07-28 19:00:00,96.2
2022-07-28 19:30:00,104.4
2022-07-28 20:00:00,100.8
2022-07-28 20:30:00,95.2
2022-07-28 21:00:00,99.8
2022-07-28 21:30:00,96.0
2022-07-28 22:00:00,92.2
2022-07-28 22:30:00,90.6
2022-07-28 23:00:00,85.2
2022-07-28 23:30:00,71.6
2022-07-29 00:00:00,55.2
2022-07-29 00:30:00,48.0
2022-07-29 01:00:00,38.6
2022-07-29 01:30:00,34.2
2022-07-29 02:00:00,28.8
2022-07-29 02:30:00,29.0
2022-07-29 03:00:00,25.4
2022-07-29 03:30:00,24.2
2022-07-29 04:00:00,21.6
2022-07-29 04:30:00,28.4
2022-07-29 05:00:00,28.2
2022-07-29 05:30:00,27.6
2022-07-29 06:00:00,34.4
2022-07-29 06:30:00,44.8
2022-07-29 07:00:00,64.4
2022-07-29 07:30:00,79.2
2022-07-29 08:00:00,87.2
2022-07-29 08:30:00,92.2
2022-07-29 09:00:00,103.8
2022-07-29 09:30:00,113.6
2022-07-29 10:00:00,111.2
2022-07-29 10:30:00,119.2
2022-07-29 11:00:00,119.2
2022-07-29 11:30:00,108.2
2022-07-29 12:00:00,105.2
2022-07-29 12:30:00,110.2
2022-07-29 13:00:00,109.0
2022-07-29 13:30:00,105.6
2022-07-29 14:00:00,105.8
2022-07-29 14:30:00,103.0
2022-07-29 15:00:00,102.4
2022-07-29 15:30:00,93.8
2022-07-29 16:00:00,91.2
2022-07-29 16:30:00,84.0
2022-07-29 17:00:00,84.0
2022-07-29 17:30:00,94.0
2022-07-29 18:00:00,92.6
2022-07-29 18:30:00,90.8
2022-07-29 19:00:00,90.6
2022-07-29 19:30:00,104.2
2022-07-29 20:00:00,96.6
2022-07-29 20:30:00,95.2
2022-07-29 21:00:00,100.4
2022-07-29 21:30:00,89.0
2022-07-29 22:00:00,89.8
2022-07-29 22:30:00,88.8
2022-07-29 23:00:00,88.6
2022-07-29 23:30:00,79.8
2022-07-30 00:00:00,75.4
2022-07-30 00:30:00,56.6
2022-07-30 01:00:00,46.4
2022-07-30 01:30:00,39.2
2022-07-30 02:00:00,35.2
2022-07-30 02:30:00,31.8
2022-07-30 03:00:00,27.4
2022-07-30 03:30:00,26.6
2022-07-30 04:00:00,27.2
2022-07-30 04:30:00,26.8
2022-07-30 05:00:00,26.2
2022-07-30 05:30:00,35.8
2022-07-30 06:00:00,36.4
2022-07-30 06:30:00,38.8
2022-07-30 07:00:00,55.6
2022-07-30 07:30:00,57.0
2022-07-30 08:00:00,72.2
2022-07-30 08:30:00,86.4
2022-07-30 09:00:00,96.4
2022-07-30 09:30:00,108.8
2022-07-30 10:00:00,107.2
2022-07-30 10:30:00,111.2
2022-07-30 11:00:00,107.2
2022-07-30 11:30:00,107.8
2022-07-30 12:00:00,102.2
2022-07-30 12:30:00,104.4
2022-07-30 13:00:00,103.4
2022-07-30 13:30:00,100.8
2022-07-30 14:00:00,98.4
2022-07-30 14:30:00,96.4
2022-07-30 15:00:00,90.6
2022-07-30 15:30:00,85.2
2022-07-30 16:00:00,80.8
2022-07-30 16:30:00,82.4
2022-07-30 17:00:00,84.6
2022-07-30 17:30:00,88.4
2022-07-30 18:00:00,92.0
2022-07-30 18:30:00,87.2
2022-07-30 19:00:00,97.0
2022-07-30 19:30:00,99.2
2022-07-30 20:00:00,99.6
2022-07-30 20:30:00,93.6
2022-07-30 21:00:00,93.6
2022-07-30 21:30:00,90.8
2022-07-30 22:00:00,84.8
2022-07-30 22:30:00,84.6
2022-07-30 23:00:00,87.6
2022-07-30 23:30:00,83.4
2022-07-31 00:00:00,67.2
2022-07-31 00:30:00,62.8
2022-07-31 01:00:00,47.8
2022-07-31 01:30:00,42.6
2022-07-31 02:00:00,37.8
2022-07-31 02:30:00,32.6
2022-07-31 03:00:00,30.2
2022-07-31 03:30:00,29.2
2022-07-31 04:00:00,24.8
2022-07-31 04:30:00,27.6
2022-07-31 05:00:00,25.4
2022-07-31 05:30:00,23.4
2022-07-31 06:00:00,27.2
2022-07-31 06:30:00,33.4
2022-07-31 07:00:00,36.0
2022-07-31 07:30:00,45.0
2022-07-31 08:00:00,57.8
2022-07-31 08:30:00,71.0
2022-07-31 09:00:00,79.0
2022-07-31 09:30:00,93.2
2022-07-31 10:00:00,100.6
2022-07-31 10:30:00,102.6
2022-07-31 11:00:00,99.8
2022-07-31 11:30:00,92.6
2022-07-31 12:00:00,90.0
2022-07-31 12:30:00,89.2
2022-07-31 13:00:00,87.6
2022-07-31 13:30:00,82.8
2022-07-31 14:00:00,83.8
2022-07-31 14:30:00,85.2
2022-07-31 15:00:00,81.2
2022-07-31 15:30:00,78.6
2022-07-31 16:00:00,72.8
2022-07-31 16:30:00,68.6
2022-07-31 17:00:00,67.4
2022-07-31 17:30:00,70.6
2022-07-31 18:00:00,77.8
2022-07-31 18:30:00,77.2
2022-07-31 19:00:00,83.4
2022-07-31 19:30:00,80.4
2022-07-31 20:00:00,79.4
2022-07-31 20:30:00,85.4
2022-07-31 21:00:00,88.6
2022-07-31 21:30:00,88.4
2022-07-31 22:00:00,78.4
2022-07-31 22:30:00,76.4
2022-07-31 23:00:00,73.6
2022-07-31 23:30:00,64.8
2022-08-01 00:00:00,51.4
2022-08-01 00:30:00,42.8
2022-08-01 01:00:00,33.2
2022-08-01 01:30:00,32.2
2022-08-01 02:00:00,28.4
2022-08-01 02:30:00,27.4
2022-08-01 03:00:00,28.4
2022-08-01 03:30:00,27.0
2022-08-01 04:00:00,21.2
2022-08-01 04:30:00,27.4
2022-08-01 05:00:00,26.8
2022-08-01 05:30:00,29.4
2022-08-01 06:00:00,32.0
2022-08-01 06:30:00,47.0
2022-08-01 07:00:00,60.0
2022-08-01 07:30:00,77.4
2022-08-01 08:00:00,92.0
2022-08-01 08:30:00,99.6
2022-08-01 09:00:00,106.8
2022-08-01 09:30:00,105.6
2022-08-01 10:00:00,109.6
2022-08-01 10:30:00,117.0
2022-08-01 11:00:00,112.2
2022-08-01 11:30:00,105.6
2022-08-01 12:00:00,100.0
2022-08-01 12:30:00,98.0
2022-08-01 13:00:00,96.6
2022-08-01 13:30:00,99.6
2022-08-01 14:00:00,96.0
2022-08-01 14:30:00,92.0
2022-08-01 15:00:00,93.4
2022-08-01 15:30:00,86.4
2022-08-01 16:00:00,83.8
2022-08-01 16:30:00,84.2
2022-08-01 17:00:00,74.6
2022-08-01 17:30:00,84.4
2022-08-01 18:00:00,83.4
2022-08-01 18:30:00,84.4
2022-08-01 19:00:00,78.0
2022-08-01 19:30:00,90.6
2022-08-01 20:00:00,90.4
2022-08-01 20:30:00,102.0
2022-08-01 21:00:00,99.0
2022-08-01 21:30:00,88.8
2022-08-01 22:00:00,80.0
2022-08-01 22:30:00,76.8
2022-08-01 23:00:00,73.2
2022-08-01 23:30:00,59.0
2022-08-02 00:00:00,50.0
2022-08-02 00:30:00,43.6
2022-08-02 01:00:00,31.8
2022-08-02 01:30:00,26.2
2022-08-02 02:00:00,24.6
2022-08-02 02:30:00,24.4
2022-08-02 03:00:00,20.2
2022-08-02 03:30:00,21.4
2022-08-02 04:00:00,20.6
2022-08-02 04:30:00,26.6
2022-08-02 05:00:00,24.2
2022-08-02 05:30:00,27.2
2022-08-02 06:00:00,31.2
2022-08-02 06:30:00,39.2
2022-08-02 07:00:00,58.2
2022-08-02 07:30:00,70.0
2022-08-02 08:00:00,91.6
2022-08-02 08:30:00,101.2
2022-08-02 09:00:00,102.6
2022-08-02 09:30:00,110.4
2022-08-02 10:00:00,111.2
2022-08-02 10:30:00,109.8
2022-08-02 11:00:00,117.8
2022-08-02 11:30:00,109.6
2022-08-02 12:00:00,101.6
2022-08-02 12:30:00,106.8
2022-08-02 13:00:00,104.4
2022-08-02 13:30:00,104.2
2022-08-02 14:00:00,100.0
2022-08-02 14:30:00,96.4
2022-08-02 15:00:00,94.6
2022-08-02 15:30:00,94.6
2022-08-02 16:00:00,90.0
2022-08-02 16:30:00,88.6
2022-08-02 17:00:00,85.4
2022-08-02 17:30:00,89.6
2022-08-02 18:00:00,86.8
2022-08-02 18:30:00,92.0
2022-08-02 19:00:00,94.0
2022-08-02 19:30:00,99.2
2022-08-02 20:00:00,101.4
2022-08-02 20:30:00,109.8
2022-08-02 21:00:00,114.8
2022-08-02 21:30:00,102.0
2022-08-02 22:00:00,100.8
2022-08-02 22:30:00,85.4
2022-08-02 23:00:00,81.8
2022-08-02 23:30:00,72.8
2022-08-03 00:00:00,57.6
2022-08-03 00:30:00,51.6
2022-08-03 01:00:00,41.0
2022-08-03 01:30:00,34.4
2022-08-03 02:00:00,30.4
2022-08-03 02:30:00,29.8
2022-08-03 03:00:00,25.4
2022-08-03 03:30:00,27.6
2022-08-03 04:00:00,27.0
2022-08-03 04:30:00,30.0
2022-08-03 05:00:00,29.2
2022-08-03 05:30:00,30.0
2022-08-03 06:00:00,35.2
2022-08-03 06:30:00,44.0
2022-08-03 07:00:00,56.4
2022-08-03 07:30:00,74.6
2022-08-03 08:00:00,92.8
2022-08-03 08:30:00,101.4
2022-08-03 09:00:00,99.6
2022-08-03 09:30:00,105.2
2022-08-03 10:00:00,110.4
2022-08-03 10:30:00,109.6
2022-08-03 11:00:00,109.8
2022-08-03 11:30:00,103.6
2022-08-03 12:00:00,103.6
2022-08-03 12:30:00,106.2
2022-08-03 13:00:00,105.8
2022-08-03 13:30:00,104.2
2022-08-03 14:00:00,97.6
2022-08-03 14:30:00,100.4
2022-08-03 15:00:00,93.2
2022-08-03 15:30:00,99.0
2022-08-03 16:00:00,89.4
2022-08-03 16:30:00,82.2
2022-08-03 17:00:00,81.6
2022-08-03 17:30:00,86.0
2022-08-03 18:00:00,82.2
2022-08-03 18:30:00,88.0
2022-08-03 19:00:00,91.8
2022-08-03 19:30:00,99.2
2022-08-03 20:00:00,94.8
2022-08-03 20:30:00,96.4
2022-08-03 21:00:00,96.0
2022-08-03 21:30:00,88.2
2022-08-03 22:00:00,90.6
2022-08-03 22:30:00,79.0
2022-08-03 23:00:00,77.6
2022-08-03 23:30:00,68.0
2022-08-04 00:00:00,56.2
2022-08-04 00:30:00,49.0
2022-08-04 01:00:00,39.0
2022-08-04 01:30:00,31.8
2022-08-04 02:00:00,27.2
2022-08-04 02:30:00,29.8
2022-08-04 03:00:00,23.2
2022-08-04 03:30:00,23.0
2022-08-04 04:00:00,22.4
2022-08-04 04:30:00,28.8
2022-08-04 05:00:00,27.2
2022-08-04 05:30:00,32.2
2022-08-04 06:00:00,33.4
2022-08-04 06:30:00,45.2
2022-08-04 07:00:00,54.2
2022-08-04 07:30:00,71.8
2022-08-04 08:00:00,88.0
2022-08-04 08:30:00,99.8
2022-08-04 09:00:00,104.0
2022-08-04 09:30:00,109.4
2022-08-04 10:00:00,117.0
2022-08-04 10:30:00,110.4
2022-08-04 11:00:00,110.6
2022-08-04 11:30:00,107.8
2022-08-04 12:00:00,101.6
2022-08-04 12:30:00,106.0
2022-08-04 13:00:00,121.0
2022-08-04 13:30:00,104.0
2022-08-04 14:00:00,99.0
2022-08-04 14:30:00,101.0
2022-08-04 15:00:00,105.6
2022-08-04 15:30:00,92.4
2022-08-04 16:00:00,91.0
2022-08-04 16:30:00,83.8
2022-08-04 17:00:00,80.0
2022-08-04 17:30:00,80.8
2022-08-04 18:00:00,77.6
2022-08-04 18:30:00,89.4
2022-08-04 19:00:00,98.4
2022-08-04 19:30:00,100.0
2022-08-04 20:00:00,99.6
2022-08-04 20:30:00,99.4
2022-08-04 21:00:00,102.6
2022-08-04 21:30:00,96.0
2022-08-04 22:00:00,86.4
2022-08-04 22:30:00,84.0
2022-08-04 23:00:00,78.0
2022-08-04 23:30:00,70.4
2022-08-05 00:00:00,53.6
2022-08-05 00:30:00,44.4
2022-08-05 01:00:00,37.4
2022-08-05 01:30:00,27.6
2022-08-05 02:00:00,28.0
2022-08-05 02:30:00,28.4
2022-08-05 03:00:00,27.6
2022-08-05 03:30:00,28.2
2022-08-05 04:00:00,18.8
2022-08-05 04:30:00,25.8
2022-08-05 05:00:00,24.2
2022-08-05 05:30:00,26.4
2022-08-05 06:00:00,33.2
2022-08-05 06:30:00,44.8
2022-08-05 07:00:00,61.0
2022-08-05 07:30:00,68.8
2022-08-05 08:00:00,86.0
2022-08-05 08:30:00,102.0
2022-08-05 09:00:00,107.0
2022-08-05 09:30:00,112.0
2022-08-05 10:00:00,121.6
2022-08-05 10:30:00,112.8
2022-08-05 11:00:00,115.0
2022-08-05 11:30:00,105.8
2022-08-05 12:00:00,105.6
2022-08-05 12:30:00,108.0
2022-08-05 13:00:00,104.8
2022-08-05 13:30:00,97.8
2022-08-05 14:00:00,98.4
2022-08-05 14:30:00,93.2
2022-08-05 15:00:00,89.6
2022-08-05 15:30:00,89.0
2022-08-05 16:00:00,93.8
2022-08-05 16:30:00,85.8
2022-08-05 17:00:00,77.6
2022-08-05 17:30:00,88.0
2022-08-05 18:00:00,92.2
2022-08-05 18:30:00,90.0
2022-08-05 19:00:00,93.0
2022-08-05 19:30:00,100.4
2022-08-05 20:00:00,103.0
2022-08-05 20:30:00,99.0
2022-08-05 21:00:00,104.4
2022-08-05 21:30:00,97.4
2022-08-05 22:00:00,93.6
2022-08-05 22:30:00,97.2
2022-08-05 23:00:00,93.2
2022-08-05 23:30:00,85.2
2022-08-06 00:00:00,66.6
2022-08-06 00:30:00,55.0
2022-08-06 01:00:00,45.2
2022-08-06 01:30:00,40.0
2022-08-06 02:00:00,36.2
2022-08-06 02:30:00,33.8
2022-08-06 03:00:00,28.2
2022-08-06 03:30:00,29.4
2022-08-06 04:00:00,23.8
2022-08-06 04:30:00,28.4
2022-08-06 05:00:00,26.6
2022-08-06 05:30:00,34.4
2022-08-06 06:00:00,27.8
2022-08-06 06:30:00,31.0
2022-08-06 07:00:00,54.6
2022-08-06 07:30:00,57.4
2022-08-06 08:00:00,62.8
2022-08-06 08:30:00,77.6
2022-08-06 09:00:00,84.6
2022-08-06 09:30:00,95.0
2022-08-06 10:00:00,108.6
2022-08-06 10:30:00,107.4
2022-08-06 11:00:00,113.2
2022-08-06 11:30:00,105.6
2022-08-06 12:00:00,99.2
2022-08-06 12:30:00,102.4
2022-08-06 13:00:00,99.8
2022-08-06 13:30:00,94.2
2022-08-06 14:00:00,93.0
2022-08-06 14:30:00,93.6
2022-08-06 15:00:00,91.2
2022-08-06 15:30:00,81.8
2022-08-06 16:00:00,77.0
2022-08-06 16:30:00,76.6
2022-08-06 17:00:00,74.0
2022-08-06 17:30:00,76.0
2022-08-06 18:00:00,81.4
2022-08-06 18:30:00,84.6
2022-08-06 19:00:00,86.8
2022-08-06 19:30:00,93.2
2022-08-06 20:00:00,95.4
2022-08-06 20:30:00,101.4
2022-08-06 21:00:00,103.8
2022-08-06 21:30:00,102.6
2022-08-06 22:00:00,94.0
2022-08-06 22:30:00,93.4
2022-08-06 23:00:00,97.2
2022-08-06 23:30:00,95.0
2022-08-07 00:00:00,81.8
2022-08-07 00:30:00,67.6
2022-08-07 01:00:00,50.4
2022-08-07 01:30:00,43.0
2022-08-07 02:00:00,37.0
2022-08-07 02:30:00,36.2
2022-08-07 03:00:00,30.8
2022-08-07 03:30:00,25.6
2022-08-07 04:00:00,27.6
2022-08-07 04:30:00,26.6
2022-08-07 05:00:00,26.6
2022-08-07 05:30:00,23.4
2022-08-07 06:00:00,28.2
2022-08-07 06:30:00,26.2
2022-08-07 07:00:00,32.6
2022-08-07 07:30:00,48.2
2022-08-07 08:00:00,54.4
2022-08-07 08:30:00,70.2
2022-08-07 09:00:00,82.2
2022-08-07 09:30:00,90.4
2022-08-07 10:00:00,100.6
2022-08-07 10:30:00,104.8
2022-08-07 11:00:00,107.6
2022-08-07 11:30:00,98.4
2022-08-07 12:00:00,96.2
2022-08-07 12:30:00,96.2
2022-08-07 13:00:00,95.0
2022-08-07 13:30:00,93.8
2022-08-07 14:00:00,90.4
2022-08-07 14:30:00,86.4
2022-08-07 15:00:00,85.8
2022-08-07 15:30:00,86.4
2022-08-07 16:00:00,74.6
2022-08-07 16:30:00,74.2
2022-08-07 17:00:00,75.2
2022-08-07 17:30:00,80.4
2022-08-07 18:00:00,78.4
2022-08-07 18:30:00,80.2
2022-08-07 19:00:00,84.6
2022-08-07 19:30:00,82.6
2022-08-07 20:00:00,77.4
2022-08-07 20:30:00,83.8
2022-08-07 21:00:00,87.2
2022-08-07 21:30:00,91.6
2022-08-07 22:00:00,84.4
2022-08-07 22:30:00,81.4
2022-08-07 23:00:00,82.0
2022-08-07 23:30:00,67.8
2022-08-08 00:00:00,60.4
2022-08-08 00:30:00,50.8
2022-08-08 01:00:00,40.2
2022-08-08 01:30:00,31.4
2022-08-08 02:00:00,28.6
2022-08-08 02:30:00,30.4
2022-08-08 03:00:00,24.0
2022-08-08 03:30:00,26.8
2022-08-08 04:00:00,22.8
2022-08-08 04:30:00,35.0
2022-08-08 05:00:00,27.0
2022-08-08 05:30:00,28.6
2022-08-08 06:00:00,30.8
2022-08-08 06:30:00,43.6
2022-08-08 07:00:00,55.2
2022-08-08 07:30:00,77.6
2022-08-08 08:00:00,90.2
2022-08-08 08:30:00,102.2
2022-08-08 09:00:00,112.8
2022-08-08 09:30:00,112.2
2022-08-08 10:00:00,110.2
2022-08-08 10:30:00,108.2
2022-08-08 11:00:00,112.8
2022-08-08 11:30:00,110.4
2022-08-08 12:00:00,105.8
2022-08-08 12:30:00,102.0
2022-08-08 13:00:00,99.8
2022-08-08 13:30:00,96.2
2022-08-08 14:00:00,93.2
2022-08-08 14:30:00,94.8
2022-08-08 15:00:00,95.6
2022-08-08 15:30:00,91.0
2022-08-08 16:00:00,81.2
2022-08-08 16:30:00,77.8
2022-08-08 17:00:00,81.2
2022-08-08 17:30:00,89.0
2022-08-08 18:00:00,84.0
2022-08-08 18:30:00,87.2
2022-08-08 19:00:00,92.4
2022-08-08 19:30:00,93.4
2022-08-08 20:00:00,96.0
2022-08-08 20:30:00,101.2
2022-08-08 21:00:00,107.8
2022-08-08 21:30:00,102.6
2022-08-08 22:00:00,86.4
2022-08-08 22:30:00,79.6
2022-08-08 23:00:00,79.4
2022-08-08 23:30:00,69.4
2022-08-09 00:00:00,55.4
2022-08-09 00:30:00,44.6
2022-08-09 01:00:00,38.2
2022-08-09 01:30:00,31.8
2022-08-09 02:00:00,27.0
2022-08-09 02:30:00,28.6
2022-08-09 03:00:00,24.4
2022-08-09 03:30:00,22.2
2022-08-09 04:00:00,23.4
2022-08-09 04:30:00,29.0
2022-08-09 05:00:00,27.4
2022-08-09 23:00:00,85.6
2022-08-09 23:30:00,72.2
2022-08-10 00:00:00,65.4
2022-08-10 00:30:00,53.6
2022-08-10 01:00:00,39.4
2022-08-10 01:30:00,34.2
2022-08-10 02:00:00,29.8
2022-08-10 02:30:00,31.2
2022-08-10 03:00:00,27.8
2022-08-10 03:30:00,33.0
2022-08-10 04:00:00,20.0
2022-08-10 04:30:00,25.8
2022-08-10 05:00:00,27.2
2022-08-10 05:30:00,31.4
2022-08-10 06:00:00,34.2
2022-08-10 06:30:00,48.2
2022-08-10 07:00:00,58.6
2022-08-10 07:30:00,78.4
2022-08-10 08:00:00,86.4
2022-08-10 08:30:00,97.0
2022-08-10 09:00:00,107.0
2022-08-10 09:30:00,113.4
2022-08-10 10:00:00,113.2
2022-08-10 10:30:00,115.6
2022-08-10 11:00:00,110.2
2022-08-10 11:30:00,111.4
2022-08-10 12:00:00,110.4
2022-08-10 12:30:00,104.8
2022-08-10 13:00:00,112.6
2022-08-10 13:30:00,106.2
2022-08-10 14:00:00,107.4
2022-08-10 14:30:00,105.0
2022-08-10 15:00:00,103.0
2022-08-10 15:30:00,98.8
2022-08-10 16:00:00,94.4
2022-08-10 16:30:00,90.4
2022-08-10 17:00:00,88.6
2022-08-10 17:30:00,89.8
2022-08-10 18:00:00,93.6
2022-08-10 18:30:00,98.8
2022-08-10 19:00:00,98.4
2022-08-10 19:30:00,105.6
2022-08-10 20:00:00,108.8
2022-08-10 20:30:00,108.0
2022-08-10 21:00:00,105.0
2022-08-10 21:30:00,95.6
2022-08-10 22:00:00,90.2
2022-08-10 22:30:00,88.8
2022-08-10 23:00:00,86.2
2022-08-10 23:30:00,79.8
2022-08-11 00:00:00,62.4
2022-08-11 00:30:00,49.6
2022-08-11 01:00:00,42.4
2022-08-11 01:30:00,35.6
2022-08-11 02:00:00,32.2
2022-08-11 02:30:00,30.6
2022-08-11 03:00:00,26.8
2022-08-11 03:30:00,26.4
2022-08-11 04:00:00,27.0
2022-08-11 04:30:00,32.8
2022-08-11 05:00:00,32.0
2022-08-11 05:30:00,35.4
2022-08-11 06:00:00,41.4
2022-08-11 06:30:00,50.4
2022-08-11 07:00:00,64.8
2022-08-11 07:30:00,78.4
2022-08-11 08:00:00,89.2
2022-08-11 08:30:00,91.6
2022-08-11 09:00:00,99.4
2022-08-11 09:30:00,111.2
2022-08-11 10:00:00,111.8
2022-08-11 10:30:00,118.4
2022-08-11 11:00:00,109.0
2022-08-11 11:30:00,103.2
2022-08-11 12:00:00,105.6
2022-08-11 12:30:00,106.0
2022-08-11 13:00:00,108.8
2022-08-11 13:30:00,102.0
2022-08-11 14:00:00,98.0
2022-08-11 14:30:00,96.6
2022-08-11 15:00:00,101.0
2022-08-11 15:30:00,95.4
2022-08-11 16:00:00,91.2
2022-08-11 16:30:00,82.4
2022-08-11 17:00:00,85.8
2022-08-11 17:30:00,88.0
2022-08-11 18:00:00,92.0
2022-08-11 18:30:00,93.4
2022-08-11 19:00:00,95.4
2022-08-11 19:30:00,102.4
2022-08-11 20:00:00,104.6
2022-08-11 20:30:00,103.2
2022-08-11 21:00:00,101.8
2022-08-11 21:30:00,95.4
2022-08-11 22:00:00,92.6
2022-08-11 22:30:00,89.0
2022-08-11 23:00:00,78.8
2022-08-11 23:30:00,69.4
2022-08-12 00:00:00,57.6
2022-08-12 00:30:00,46.6
2022-08-12 01:00:00,42.8
2022-08-12 01:30:00,33.4
2022-08-12 02:00:00,28.2
2022-08-12 02:30:00,26.8
2022-08-12 03:00:00,22.6
2022-08-12 03:30:00,22.0
2022-08-12 04:00:00,20.4
2022-08-12 04:30:00,26.8
2022-08-12 05:00:00,27.0
2022-08-12 05:30:00,27.4
2022-08-12 06:00:00,32.6
2022-08-12 06:30:00,46.2
2022-08-12 07:00:00,56.6
2022-08-12 07:30:00,70.0
2022-08-12 08:00:00,83.2
2022-08-12 08:30:00,93.4
2022-08-12 09:00:00,110.2
2022-08-12 09:30:00,111.6
2022-08-12 10:00:00,107.8
2022-08-12 10:30:00,116.2
2022-08-12 11:00:00,119.6
2022-08-12 11:30:00,111.8
2022-08-12 12:00:00,105.2
2022-08-12 12:30:00,112.6
2022-08-12 13:00:00,108.4
2022-08-12 13:30:00,105.8
2022-08-12 14:00:00,101.4
2022-08-12 14:30:00,97.8
2022-08-12 15:00:00,98.4
2022-08-12 15:30:00,92.4
2022-08-12 16:00:00,88.6
2022-08-12 16:30:00,82.6
2022-08-12 17:00:00,80.8
2022-08-12 17:30:00,89.6
2022-08-12 18:00:00,86.8
2022-08-12 18:30:00,92.8
2022-08-12 19:00:00,104.2
2022-08-12 19:30:00,100.0
2022-08-12 20:00:00,102.8
2022-08-12 20:30:00,105.8
2022-08-12 21:00:00,102.4
2022-08-12 21:30:00,100.0
2022-08-12 22:00:00,90.6
2022-08-12 22:30:00,88.8
2022-08-12 23:00:00,96.0
2022-08-12 23:30:00,83.6
2022-08-13 00:00:00,71.6
2022-08-13 00:30:00,61.8
2022-08-13 01:00:00,46.6
2022-08-13 01:30:00,43.6
2022-08-13 02:00:00,43.0
2022-08-13 02:30:00,37.8
2022-08-13 03:00:00,35.0
2022-08-13 03:30:00,28.6
2022-08-13 04:00:00,27.2
2022-08-13 04:30:00,30.4
2022-08-13 05:00:00,29.0
2022-08-13 05:30:00,27.4
2022-08-13 06:00:00,29.6
2022-08-13 06:30:00,36.0
2022-08-13 07:00:00,68.8
2022-08-13 07:30:00,68.0
2022-08-13 08:00:00,77.8
2022-08-13 08:30:00,81.0
2022-08-13 09:00:00,95.8
2022-08-13 09:30:00,98.0
2022-08-13 10:00:00,102.2
2022-08-13 10:30:00,99.6
2022-08-13 11:00:00,101.2
2022-08-13 11:30:00,99.4
2022-08-13 12:00:00,99.0
2022-08-13 12:30:00,105.4
2022-08-13 13:00:00,103.8
2022-08-13 13:30:00,99.8
2022-08-13 14:00:00,91.4
2022-08-13 14:30:00,87.4
2022-08-13 15:00:00,91.8
2022-08-13 15:30:00,87.0
2022-08-13 16:00:00,83.2
2022-08-13 16:30:00,79.2
2022-08-13 17:00:00,77.2
2022-08-13 17:30:00,78.8
2022-08-13 18:00:00,81.4
2022-08-13 18:30:00,85.0
2022-08-13 19:00:00,94.2
2022-08-13 19:30:00,96.2
2022-08-13 20:00:00,95.6
2022-08-13 20:30:00,93.2
2022-08-13 21:00:00,87.8
2022-08-13 21:30:00,92.0
2022-08-13 22:00:00,90.4
2022-08-13 22:30:00,88.6
2022-08-13 23:00:00,87.8
2022-08-13 23:30:00,81.6
2022-08-14 00:00:00,66.4
2022-08-14 00:30:00,48.8
2022-08-14 01:00:00,42.4
2022-08-14 01:30:00,41.8
2022-08-14 02:00:00,34.6
2022-08-14 02:30:00,29.4
2022-08-14 03:00:00,33.2
2022-08-14 03:30:00,32.8
2022-08-14 04:00:00,26.6
2022-08-14 04:30:00,27.0
2022-08-14 05:00:00,26.0
2022-08-14 05:30:00,26.2
2022-08-14 06:00:00,25.8
2022-08-14 06:30:00,31.8
2022-08-14 07:00:00,38.6
2022-08-14 07:30:00,49.8
2022-08-14 08:00:00,57.8
2022-08-14 08:30:00,63.4
2022-08-14 09:00:00,77.6
2022-08-14 09:30:00,85.2
2022-08-14 10:00:00,90.4
2022-08-14 10:30:00,99.2
2022-08-14 11:00:00,98.4
2022-08-14 11:30:00,89.4
2022-08-14 12:00:00,95.8
2022-08-14 12:30:00,96.6
2022-08-14 13:00:00,98.6
2022-08-14 13:30:00,99.2
2022-08-14 14:00:00,87.0
2022-08-14 14:30:00,81.8
2022-08-14 15:00:00,77.6
2022-08-14 15:30:00,77.8
2022-08-14 16:00:00,68.8
2022-08-14 16:30:00,65.0
2022-08-14 17:00:00,67.6
2022-08-14 17:30:00,72.2
2022-08-14 18:00:00,77.0
2022-08-14 18:30:00,84.0
2022-08-14 19:00:00,87.0
2022-08-14 19:30:00,91.8
2022-08-14 20:00:00,97.2
2022-08-14 20:30:00,91.4
2022-08-14 21:00:00,95.8
2022-08-14 21:30:00,86.6
2022-08-14 22:00:00,78.2
2022-08-14 22:30:00,75.2
2022-08-14 23:00:00,76.2
2022-08-14 23:30:00,73.4
2022-08-15 00:00:00,64.8
2022-08-15 00:30:00,50.0
2022-08-15 01:00:00,42.0
2022-08-15 01:30:00,37.8
2022-08-15 02:00:00,32.8
2022-08-15 02:30:00,31.6
2022-08-15 03:00:00,24.8
2022-08-15 03:30:00,24.6
2022-08-15 04:00:00,23.4
2022-08-15 04:30:00,27.0
2022-08-15 05:00:00,24.0
2022-08-15 05:30:00,23.4
2022-08-15 06:00:00,26.2
2022-08-15 06:30:00,32.2
2022-08-15 07:00:00,42.0
2022-08-15 07:30:00,53.4
2022-08-15 08:00:00,59.2
2022-08-15 08:30:00,72.0
2022-08-15 09:00:00,79.4
2022-08-15 09:30:00,97.4
2022-08-15 10:00:00,97.6
2022-08-15 10:30:00,103.8
2022-08-15 11:00:00,96.6
2022-08-15 11:30:00,97.0
2022-08-15 12:00:00,91.6
2022-08-15 12:30:00,93.0
2022-08-15 13:00:00,93.4
2022-08-15 13:30:00,94.4
2022-08-15 14:00:00,95.0
2022-08-15 14:30:00,87.0
2022-08-15 15:00:00,83.8
2022-08-15 15:30:00,80.8
2022-08-15 16:00:00,74.8
2022-08-15 16:30:00,63.6
2022-08-15 17:00:00,69.8
2022-08-15 17:30:00,70.0
2022-08-15 18:00:00,76.0
2022-08-15 18:30:00,75.2
2022-08-15 19:00:00,82.4
2022-08-15 19:30:00,93.2
2022-08-15 20:00:00,96.6
2022-08-15 20:30:00,97.6
2022-08-15 21:00:00,95.6
2022-08-15 21:30:00,92.2
2022-08-15 22:00:00,84.8
2022-08-15 22:30:00,79.6
2022-08-15 23:00:00,78.2
2022-08-15 23:30:00,64.8
2022-08-16 00:00:00,52.2
2022-08-16 00:30:00,45.8
2022-08-16 01:00:00,34.6
2022-08-16 01:30:00,31.8
2022-08-16 02:00:00,28.4
2022-08-16 02:30:00,30.2
2022-08-16 03:00:00,24.4
2022-08-16 03:30:00,19.4
2022-08-16 04:00:00,19.8
2022-08-16 04:30:00,24.6
2022-08-16 05:00:00,23.8
2022-08-16 05:30:00,26.0
2022-08-16 06:00:00,30.2
2022-08-16 06:30:00,41.8
2022-08-16 07:00:00,58.0
2022-08-16 07:30:00,70.6
2022-08-16 08:00:00,81.4
2022-08-16 08:30:00,95.4
2022-08-16 09:00:00,101.2
2022-08-16 09:30:00,117.0
2022-08-16 10:00:00,108.0
2022-08-16 10:30:00,108.4
2022-08-16 11:00:00,113.0
2022-08-16 11:30:00,104.2
2022-08-16 12:00:00,103.8
2022-08-16 12:30:00,99.0
2022-08-16 13:00:00,107.2
2022-08-16 13:30:00,101.0
2022-08-16 14:00:00,106.2
2022-08-16 14:30:00,102.0
2022-08-16 15:00:00,90.8
2022-08-16 15:30:00,91.8
2022-08-16 16:00:00,87.6
2022-08-16 16:30:00,83.8
2022-08-16 17:00:00,80.0
2022-08-16 17:30:00,81.4
2022-08-16 18:00:00,79.6
2022-08-16 18:30:00,93.2
2022-08-16 19:00:00,88.8
2022-08-16 19:30:00,95.6
2022-08-16 20:00:00,95.4
2022-08-16 20:30:00,99.0
2022-08-16 21:00:00,107.6
2022-08-16 21:30:00,92.2
2022-08-16 22:00:00,90.4
2022-08-16 22:30:00,83.8
2022-08-16 23:00:00,79.6
2022-08-16 23:30:00,68.4
2022-08-17 00:00:00,61.0
2022-08-17 00:30:00,52.0
2022-08-17 01:00:00,41.8
2022-08-17 01:30:00,31.4
2022-08-17 02:00:00,27.4
2022-08-17 02:30:00,26.0
2022-08-17 03:00:00,25.4
2022-08-17 03:30:00,24.8
2022-08-17 04:00:00,20.2
2022-08-17 04:30:00,26.4
2022-08-17 05:00:00,26.4
2022-08-17 05:30:00,26.4
2022-08-17 06:00:00,29.4
2022-08-17 06:30:00,43.4
2022-08-17 07:00:00,56.4
2022-08-17 07:30:00,73.4
2022-08-17 08:00:00,85.0
2022-08-17 08:30:00,91.8
2022-08-17 09:00:00,99.6
2022-08-17 09:30:00,99.0
2022-08-17 10:00:00,106.0
2022-08-17 10:30:00,105.0
2022-08-17 11:00:00,110.4
2022-08-17 11:30:00,107.2
2022-08-17 12:00:00,102.4
2022-08-17 12:30:00,112.4
2022-08-17 13:00:00,108.6
2022-08-17 13:30:00,98.6
2022-08-17 14:00:00,94.8
2022-08-17 14:30:00,94.8
2022-08-17 15:00:00,91.0
2022-08-17 15:30:00,97.8
2022-08-17 16:00:00,89.2
2022-08-17 16:30:00,85.2
2022-08-17 17:00:00,83.8
2022-08-17 17:30:00,92.2
2022-08-17 18:00:00,84.6
2022-08-17 18:30:00,87.8
2022-08-17 19:00:00,93.2
2022-08-17 19:30:00,102.2
2022-08-17 20:00:00,99.4
2022-08-17 20:30:00,100.8
2022-08-17 21:00:00,106.6
2022-08-17 21:30:00,100.4
2022-08-17 22:00:00,91.0
2022-08-17 22:30:00,84.6
2022-08-17 23:00:00,83.4
2022-08-17 23:30:00,68.8
2022-08-18 00:00:00,55.6
2022-08-18 00:30:00,45.4
2022-08-18 01:00:00,36.8
2022-08-18 01:30:00,31.2
2022-08-18 02:00:00,27.4
2022-08-18 02:30:00,25.6
2022-08-18 03:00:00,22.2
2022-08-18 03:30:00,25.8
2022-08-18 04:00:00,20.6
2022-08-18 04:30:00,25.8
2022-08-18 05:00:00,26.4
2022-08-18 05:30:00,27.2
2022-08-18 06:00:00,33.4
2022-08-18 06:30:00,45.0
2022-08-18 07:00:00,57.6
2022-08-18 07:30:00,73.4
2022-08-18 08:00:00,84.4
2022-08-18 08:30:00,91.8
2022-08-18 09:00:00,102.0
2022-08-18 09:30:00,103.8
2022-08-18 10:00:00,105.0
2022-08-18 10:30:00,110.0
2022-08-18 11:00:00,106.6
2022-08-18 11:30:00,102.0
2022-08-18 12:00:00,100.2
2022-08-18 12:30:00,101.6
2022-08-18 13:00:00,99.0
2022-08-18 13:30:00,96.0
2022-08-18 14:00:00,96.4
2022-08-18 14:30:00,102.2
2022-08-18 15:00:00,101.8
2022-08-18 15:30:00,95.2
2022-08-18 16:00:00,88.8
2022-08-18 16:30:00,84.0
2022-08-18 17:00:00,82.6
2022-08-18 17:30:00,84.0
2022-08-18 18:00:00,89.2
2022-08-18 18:30:00,90.6
2022-08-18 19:00:00,87.6
2022-08-18 19:30:00,99.8
2022-08-18 20:00:00,111.4
2022-08-18 20:30:00,99.8
2022-08-18 21:00:00,103.6
2022-08-18 21:30:00,94.4
2022-08-18 22:00:00,93.0
2022-08-18 22:30:00,89.0
2022-08-18 23:00:00,96.8
2022-08-18 23:30:00,79.6
2022-08-19 00:00:00,62.0
2022-08-19 00:30:00,50.4
2022-08-19 01:00:00,62.0
2022-08-19 01:30:00,64.6
2022-08-19 02:00:00,39.0
2022-08-19 02:30:00,27.8
2022-08-19 03:00:00,32.4
2022-08-19 03:30:00,25.6
2022-08-19 04:00:00,20.8
2022-08-19 04:30:00,26.2
2022-08-19 05:00:00,25.8
2022-08-19 05:30:00,28.6
2022-08-19 06:00:00,32.0
2022-08-19 06:30:00,40.2
2022-08-19 07:00:00,56.0
2022-08-19 07:30:00,71.4
2022-08-19 08:00:00,83.8
2022-08-19 08:30:00,92.4
2022-08-19 09:00:00,103.2
2022-08-19 09:30:00,108.6
2022-08-19 10:00:00,114.6
2022-08-19 10:30:00,109.4
2022-08-19 11:00:00,113.0
2022-08-19 11:30:00,106.0
2022-08-19 12:00:00,110.0
2022-08-19 12:30:00,101.2
2022-08-19 13:00:00,103.6
2022-08-19 13:30:00,102.8
2022-08-19 14:00:00,101.6
2022-08-19 14:30:00,95.6
2022-08-19 15:00:00,90.4
2022-08-19 15:30:00,96.6
2022-08-19 16:00:00,89.8
2022-08-19 16:30:00,86.6
2022-08-19 17:00:00,89.6
2022-08-19 17:30:00,87.2
2022-08-19 18:00:00,94.2
2022-08-19 18:30:00,94.2
2022-08-19 19:00:00,94.8
2022-08-19 19:30:00,104.8
2022-08-19 20:00:00,100.0
2022-08-19 20:30:00,105.6
2022-08-19 21:00:00,108.4
2022-08-19 21:30:00,97.0
2022-08-19 22:00:00,92.2
2022-08-19 22:30:00,98.6
2022-08-19 23:00:00,89.8
2022-08-19 23:30:00,86.4
2022-08-20 00:00:00,70.6
2022-08-20 00:30:00,62.8
2022-08-20 01:00:00,50.6
2022-08-20 01:30:00,44.2
2022-08-20 02:00:00,38.4
2022-08-20 02:30:00,38.0
2022-08-20 03:00:00,33.6
2022-08-20 03:30:00,30.4
2022-08-20 04:00:00,31.0
2022-08-20 04:30:00,29.6
2022-08-20 05:00:00,27.6
2022-08-20 05:30:00,28.0
2022-08-20 06:00:00,37.2
2022-08-20 06:30:00,36.6
2022-08-20 07:00:00,47.8
2022-08-20 07:30:00,59.6
2022-08-20 08:00:00,71.4
2022-08-20 08:30:00,79.8
2022-08-20 09:00:00,93.4
2022-08-20 09:30:00,106.0
2022-08-20 10:00:00,106.6
2022-08-20 10:30:00,107.8
2022-08-20 11:00:00,109.6
2022-08-20 11:30:00,103.2
2022-08-20 12:00:00,106.8
2022-08-20 12:30:00,106.6
2022-08-20 13:00:00,92.8
2022-08-20 13:30:00,92.6
2022-08-20 14:00:00,97.8
2022-08-20 14:30:00,94.4
2022-08-20 15:00:00,89.6
2022-08-20 15:30:00,82.0
2022-08-20 16:00:00,73.8
2022-08-20 16:30:00,71.8
2022-08-20 17:00:00,70.4
2022-08-20 17:30:00,75.8
2022-08-20 18:00:00,82.4
2022-08-20 18:30:00,89.0
2022-08-20 19:00:00,90.2
2022-08-20 19:30:00,93.8
2022-08-20 20:00:00,99.4
2022-08-20 20:30:00,103.8
2022-08-20 21:00:00,101.8
2022-08-20 21:30:00,92.6
2022-08-20 22:00:00,93.4
2022-08-20 22:30:00,98.8
2022-08-20 23:00:00,98.2
2022-08-20 23:30:00,88.2
2022-08-21 00:00:00,73.0
2022-08-21 00:30:00,57.6
2022-08-21 01:00:00,50.0
2022-08-21 01:30:00,48.4
2022-08-21 02:00:00,42.0
2022-08-21 02:30:00,34.2
2022-08-21 03:00:00,33.6
2022-08-21 03:30:00,29.4
2022-08-21 04:00:00,28.0
2022-08-21 04:30:00,24.4
2022-08-21 05:00:00,26.4
2022-08-21 05:30:00,26.2
2022-08-21 06:00:00,27.8
2022-08-21 06:30:00,32.8
2022-08-21 07:00:00,39.4
2022-08-21 07:30:00,49.0
2022-08-21 08:00:00,56.6
2022-08-21 08:30:00,65.8
2022-08-21 09:00:00,79.0
2022-08-21 09:30:00,88.4
2022-08-21 10:00:00,96.8
2022-08-21 10:30:00,99.8
2022-08-21 11:00:00,102.2
2022-08-21 11:30:00,88.6
2022-08-21 12:00:00,91.0
2022-08-21 12:30:00,88.2
2022-08-21 13:00:00,89.8
2022-08-21 13:30:00,85.4
2022-08-21 14:00:00,83.4
2022-08-21 14:30:00,82.0
2022-08-21 15:00:00,86.0
2022-08-21 15:30:00,81.0
2022-08-21 16:00:00,75.6
2022-08-21 16:30:00,69.8
2022-08-21 17:00:00,66.6
2022-08-21 17:30:00,71.6
2022-08-21 18:00:00,80.2
2022-08-21 18:30:00,80.0
2022-08-21 19:00:00,86.2
2022-08-21 19:30:00,85.4
2022-08-21 20:00:00,87.6
2022-08-21 20:30:00,78.6
2022-08-21 21:00:00,87.8
2022-08-21 21:30:00,83.6
2022-08-21 22:00:00,75.6
2022-08-21 22:30:00,76.8
2022-08-21 23:00:00,78.0
2022-08-21 23:30:00,67.2
2022-08-22 00:00:00,53.6
2022-08-22 00:30:00,43.4
2022-08-22 01:00:00,37.6
2022-08-22 01:30:00,33.2
2022-08-22 02:00:00,30.2
2022-08-22 02:30:00,35.0
2022-08-22 03:00:00,29.6
2022-08-22 03:30:00,26.4
2022-08-22 04:00:00,26.4
2022-08-22 04:30:00,31.6
2022-08-22 05:00:00,28.4
2022-08-22 05:30:00,30.8
2022-08-22 06:00:00,33.4
2022-08-22 06:30:00,46.4
2022-08-22 07:00:00,62.0
2022-08-22 07:30:00,81.0
2022-08-22 08:00:00,88.2
2022-08-22 08:30:00,91.0
2022-08-22 09:00:00,102.6
2022-08-22 09:30:00,107.8
2022-08-22 10:00:00,109.4
2022-08-22 10:30:00,114.8
2022-08-22 11:00:00,115.4
2022-08-22 11:30:00,105.6
2022-08-22 12:00:00,103.4
2022-08-22 12:30:00,102.4
2022-08-22 13:00:00,100.6
2022-08-22 13:30:00,98.2
2022-08-22 14:00:00,97.6
2022-08-22 14:30:00,97.2
2022-08-22 15:00:00,95.0
2022-08-22 15:30:00,87.2
2022-08-22 16:00:00,79.8
2022-08-22 16:30:00,80.8
2022-08-22 17:00:00,79.0
2022-08-22 17:30:00,83.4
2022-08-22 18:00:00,76.0
2022-08-22 18:30:00,85.4
2022-08-22 19:00:00,91.0
2022-08-22 19:30:00,93.2
2022-08-22 20:00:00,98.2
2022-08-22 20:30:00,98.4
2022-08-22 21:00:00,102.2
2022-08-22 21:30:00,89.6
2022-08-22 22:00:00,86.8
2022-08-22 22:30:00,83.2
2022-08-22 23:00:00,85.2
2022-08-22 23:30:00,69.8
2022-08-23 00:00:00,60.4
2022-08-23 00:30:00,46.8
2022-08-23 01:00:00,40.0
2022-08-23 01:30:00,34.8
2022-08-23 02:00:00,30.4
2022-08-23 02:30:00,29.0
2022-08-23 03:00:00,26.0
2022-08-23 03:30:00,27.2
2022-08-23 04:00:00,26.4
2022-08-23 04:30:00,32.4
2022-08-23 05:00:00,31.4
2022-08-23 05:30:00,31.8
2022-08-23 06:00:00,37.0
2022-08-23 06:30:00,48.4
2022-08-23 07:00:00,60.2
2022-08-23 07:30:00,76.2
2022-08-23 08:00:00,92.4
2022-08-23 08:30:00,97.6
2022-08-23 09:00:00,103.8
2022-08-23 09:30:00,111.0
2022-08-23 10:00:00,115.2
2022-08-23 10:30:00,121.4
2022-08-23 11:00:00,118.6
2022-08-23 11:30:00,108.6
2022-08-23 12:00:00,107.2
2022-08-23 12:30:00,104.0
2022-08-23 13:00:00,100.8
2022-08-23 13:30:00,96.4
2022-08-23 14:00:00,99.0
2022-08-23 14:30:00,94.0
2022-08-23 15:00:00,92.4
2022-08-23 15:30:00,89.2
2022-08-23 16:00:00,90.0
2022-08-23 16:30:00,88.2
2022-08-23 17:00:00,82.4
2022-08-23 17:30:00,85.4
2022-08-23 18:00:00,81.0
2022-08-23 18:30:00,88.4
2022-08-23 19:00:00,90.2
2022-08-23 19:30:00,103.2
2022-08-23 20:00:00,105.4
2022-08-23 20:30:00,102.6
2022-08-23 21:00:00,101.2
2022-08-23 21:30:00,87.4
2022-08-23 22:00:00,87.0
2022-08-23 22:30:00,87.4
2022-08-23 23:00:00,81.8
2022-08-23 23:30:00,67.8
2022-08-24 00:00:00,59.6
2022-08-24 00:30:00,52.8
2022-08-24 01:00:00,39.6
2022-08-24 01:30:00,31.8
2022-08-24 02:00:00,27.4
2022-08-24 02:30:00,27.0
2022-08-24 03:00:00,30.0
2022-08-24 03:30:00,32.8
2022-08-24 04:00:00,26.6
2022-08-24 04:30:00,30.6
2022-08-24 05:00:00,30.6
2022-08-24 05:30:00,32.0
2022-08-24 06:00:00,36.6
2022-08-24 06:30:00,48.8
2022-08-24 07:00:00,65.2
2022-08-24 07:30:00,75.4
2022-08-24 08:00:00,86.2
2022-08-24 08:30:00,96.8
2022-08-24 09:00:00,103.8
2022-08-24 09:30:00,108.4
2022-08-24 10:00:00,112.4
2022-08-24 10:30:00,114.4
2022-08-24 11:00:00,112.8
2022-08-24 11:30:00,110.8
2022-08-24 12:00:00,102.6
2022-08-24 12:30:00,103.2
2022-08-24 13:00:00,104.0
2022-08-24 13:30:00,99.2
2022-08-24 14:00:00,94.2
2022-08-24 14:30:00,97.8
2022-08-24 15:00:00,92.0
2022-08-24 15:30:00,97.2
2022-08-24 16:00:00,91.0
2022-08-24 16:30:00,80.4
2022-08-24 17:00:00,79.2
2022-08-24 17:30:00,82.6
2022-08-24 18:00:00,82.4
2022-08-24 18:30:00,86.6
2022-08-24 19:00:00,91.2
2022-08-24 19:30:00,106.6
2022-08-24 20:00:00,93.2
2022-08-24 20:30:00,90.8
2022-08-24 21:00:00,99.6
2022-08-24 21:30:00,90.2
2022-08-24 22:00:00,90.6
2022-08-24 22:30:00,88.2
2022-08-24 23:00:00,80.2
2022-08-24 23:30:00,67.2
2022-08-25 00:00:00,56.8
2022-08-25 00:30:00,46.8
2022-08-25 01:00:00,37.0
2022-08-25 01:30:00,31.0
2022-08-25 02:00:00,29.8
2022-08-25 02:30:00,29.2
2022-08-25 03:00:00,26.6
2022-08-25 03:30:00,28.8
2022-08-25 04:00:00,23.6
2022-08-25 04:30:00,29.4
2022-08-25 05:00:00,29.2
2022-08-25 05:30:00,30.0
2022-08-25 06:00:00,36.2
2022-08-25 06:30:00,44.6
2022-08-25 07:00:00,58.0
2022-08-25 07:30:00,66.8
2022-08-25 08:00:00,80.2
2022-08-25 08:30:00,90.8
2022-08-25 09:00:00,97.2
2022-08-25 09:30:00,104.4
2022-08-25 10:00:00,110.2
2022-08-25 10:30:00,107.2
2022-08-25 11:00:00,108.2
2022-08-25 11:30:00,98.2
2022-08-25 12:00:00,102.8
2022-08-25 12:30:00,101.8
2022-08-25 13:00:00,106.2
2022-08-25 13:30:00,95.2
2022-08-25 14:00:00,91.4
2022-08-25 14:30:00,97.2
2022-08-25 15:00:00,95.4
2022-08-25 15:30:00,96.0
2022-08-25 16:00:00,93.6
2022-08-25 16:30:00,85.6
2022-08-25 17:00:00,88.6
2022-08-25 17:30:00,82.8
2022-08-25 18:00:00,85.2
2022-08-25 18:30:00,86.6
2022-08-25 19:00:00,90.6
2022-08-25 19:30:00,108.8
2022-08-25 20:00:00,100.2
2022-08-25 20:30:00,103.8
2022-08-25 21:00:00,104.8
2022-08-25 21:30:00,92.0
2022-08-25 22:00:00,83.6
2022-08-25 22:30:00,86.8
2022-08-25 23:00:00,81.8
2022-08-25 23:30:00,70.0
2022-08-26 00:00:00,57.4
2022-08-26 00:30:00,44.0
2022-08-26 01:00:00,39.2
2022-08-26 01:30:00,39.0
2022-08-26 02:00:00,32.8
2022-08-26 02:30:00,35.0
2022-08-26 03:00:00,27.6
2022-08-26 03:30:00,26.4
2022-08-26 04:00:00,26.0
2022-08-26 04:30:00,31.0
2022-08-26 05:00:00,29.2
2022-08-26 05:30:00,29.6
2022-08-26 06:00:00,35.4
2022-08-26 06:30:00,55.4
2022-08-26 07:00:00,58.8
2022-08-26 07:30:00,71.8
2022-08-26 08:00:00,82.4
2022-08-26 08:30:00,92.8
2022-08-26 09:00:00,100.2
2022-08-26 09:30:00,109.4
2022-08-26 10:00:00,111.4
2022-08-26 10:30:00,109.6
2022-08-26 11:00:00,112.8
2022-08-26 11:30:00,99.4
2022-08-26 12:00:00,100.4
2022-08-26 12:30:00,108.2
2022-08-26 13:00:00,112.2
2022-08-26 13:30:00,104.0
2022-08-26 14:00:00,98.2
2022-08-26 14:30:00,102.6
2022-08-26 15:00:00,95.0
2022-08-26 15:30:00,94.6
2022-08-26 16:00:00,93.6
2022-08-26 16:30:00,87.6
2022-08-26 17:00:00,82.2
2022-08-26 17:30:00,87.4
2022-08-26 18:00:00,84.2
2022-08-26 18:30:00,88.0
2022-08-26 19:00:00,87.6
2022-08-26 19:30:00,103.6
2022-08-26 20:00:00,104.4
2022-08-26 20:30:00,106.8
2022-08-26 21:00:00,99.4
2022-08-26 21:30:00,83.8
2022-08-26 22:00:00,87.0
2022-08-26 22:30:00,86.0
2022-08-26 23:00:00,87.6
2022-08-26 23:30:00,77.8
2022-08-27 00:00:00,69.2
2022-08-27 00:30:00,59.2
2022-08-27 01:00:00,44.0
2022-08-27 01:30:00,40.6
2022-08-27 02:00:00,35.8
2022-08-27 02:30:00,32.0
2022-08-27 03:00:00,32.2
2022-08-27 03:30:00,30.8
2022-08-27 04:00:00,26.2
2022-08-27 04:30:00,25.4
2022-08-27 05:00:00,28.2
2022-08-27 05:30:00,28.4
2022-08-27 06:00:00,28.4
2022-08-27 06:30:00,33.6
2022-08-27 07:00:00,40.4
2022-08-27 07:30:00,66.8
2022-08-27 08:00:00,67.0
2022-08-27 08:30:00,79.0
2022-08-27 09:00:00,88.4
2022-08-27 09:30:00,96.2
2022-08-27 10:00:00,107.0
2022-08-27 10:30:00,110.0
2022-08-27 11:00:00,107.0
2022-08-27 11:30:00,112.0
2022-08-27 12:00:00,106.0
2022-08-27 12:30:00,108.0
2022-08-27 13:00:00,99.0
2022-08-27 13:30:00,93.2
2022-08-27 14:00:00,96.4
2022-08-27 14:30:00,90.4
2022-08-27 15:00:00,92.2
2022-08-27 15:30:00,86.0
2022-08-27 16:00:00,79.6
2022-08-27 16:30:00,76.6
2022-08-27 17:00:00,75.4
2022-08-27 17:30:00,73.6
2022-08-27 18:00:00,79.8
2022-08-27 18:30:00,87.2
2022-08-27 19:00:00,89.0
2022-08-27 19:30:00,96.0
2022-08-27 20:00:00,104.8
2022-08-27 20:30:00,105.0
2022-08-27 21:00:00,99.6
2022-08-27 21:30:00,96.8
2022-08-27 22:00:00,93.0
2022-08-27 22:30:00,94.4
2022-08-27 23:00:00,92.2
2022-08-27 23:30:00,86.4
2022-08-28 00:00:00,74.0
2022-08-28 00:30:00,58.2
2022-08-28 01:00:00,50.6
2022-08-28 01:30:00,45.6
2022-08-28 02:00:00,38.6
2022-08-28 02:30:00,37.8
2022-08-28 03:00:00,37.2
2022-08-28 03:30:00,33.6
2022-08-28 04:00:00,29.0
2022-08-28 04:30:00,30.8
2022-08-28 05:00:00,31.0
2022-08-28 05:30:00,30.6
2022-08-28 06:00:00,29.6
2022-08-28 06:30:00,30.6
2022-08-28 07:00:00,36.0
2022-08-28 07:30:00,48.2
2022-08-28 08:00:00,65.0
2022-08-28 08:30:00,65.0
2022-08-28 09:00:00,78.8
2022-08-28 09:30:00,88.4
2022-08-28 10:00:00,97.8
2022-08-28 10:30:00,103.4
2022-08-28 11:00:00,99.0
2022-08-28 11:30:00,92.8
2022-08-28 12:00:00,94.2
2022-08-28 12:30:00,96.8
2022-08-28 13:00:00,89.4
2022-08-28 13:30:00,94.2
2022-08-28 14:00:00,85.6
2022-08-28 14:30:00,83.0
2022-08-28 15:00:00,81.2
2022-08-28 15:30:00,77.0
2022-08-28 16:00:00,69.8
2022-08-28 16:30:00,64.4
2022-08-28 17:00:00,67.6
2022-08-28 17:30:00,67.2
2022-08-28 18:00:00,74.6
2022-08-28 18:30:00,75.6
2022-08-28 19:00:00,83.8
2022-08-28 19:30:00,87.2
2022-08-28 20:00:00,93.6
2022-08-28 20:30:00,90.0
2022-08-28 21:00:00,92.2
2022-08-28 21:30:00,83.4
2022-08-28 22:00:00,75.4
2022-08-28 22:30:00,76.0
2022-08-28 23:00:00,73.4
2022-08-28 23:30:00,60.8
2022-08-29 00:00:00,49.2
2022-08-29 00:30:00,40.2
2022-08-29 01:00:00,33.6
2022-08-29 01:30:00,28.2
2022-08-29 02:00:00,27.2
2022-08-29 02:30:00,25.6
2022-08-29 03:00:00,23.8
2022-08-29 03:30:00,24.6
2022-08-29 04:00:00,23.4
2022-08-29 04:30:00,31.0
2022-08-29 05:00:00,31.0
2022-08-29 05:30:00,32.6
2022-08-29 06:00:00,38.2
2022-08-29 06:30:00,54.0
2022-08-29 07:00:00,63.0
2022-08-29 07:30:00,74.6
2022-08-29 08:00:00,86.0
2022-08-29 08:30:00,93.2
2022-08-29 09:00:00,104.0
2022-08-29 09:30:00,109.6
2022-08-29 10:00:00,106.6
2022-08-29 10:30:00,107.6
2022-08-29 11:00:00,104.2
2022-08-29 11:30:00,107.6
2022-08-29 12:00:00,100.6
2022-08-29 12:30:00,105.8
2022-08-29 13:00:00,104.8
2022-08-29 13:30:00,98.6
2022-08-29 14:00:00,101.2
2022-08-29 14:30:00,98.2
2022-08-29 15:00:00,90.8
2022-08-29 15:30:00,85.6
2022-08-29 16:00:00,86.2
2022-08-29 16:30:00,79.4
2022-08-29 17:00:00,74.0
2022-08-29 17:30:00,73.2
2022-08-29 18:00:00,74.4
2022-08-29 18:30:00,77.4
2022-08-29 19:00:00,86.8
2022-08-29 19:30:00,85.6
2022-08-29 20:00:00,90.2
2022-08-29 20:30:00,88.2
2022-08-29 21:00:00,92.2
2022-08-29 21:30:00,86.4
2022-08-29 22:00:00,80.0
2022-08-29 22:30:00,76.4
2022-08-29 23:00:00,68.8
2022-08-29 23:30:00,59.6
2022-08-30 00:00:00,47.0
2022-08-30 00:30:00,37.6
2022-08-30 01:00:00,35.6
2022-08-30 01:30:00,28.8
2022-08-30 02:00:00,27.8
2022-08-30 02:30:00,29.8
2022-08-30 03:00:00,23.6
2022-08-30 03:30:00,22.2
2022-08-30 04:00:00,21.4
2022-08-30 04:30:00,28.4
2022-08-30 05:00:00,28.2
2022-08-30 05:30:00,30.0
2022-08-30 06:00:00,35.8
2022-08-30 06:30:00,44.2
2022-08-30 07:00:00,59.2
2022-08-30 07:30:00,74.0
2022-08-30 08:00:00,81.6
2022-08-30 08:30:00,93.0
2022-08-30 09:00:00,98.2
2022-08-30 09:30:00,104.8
2022-08-30 10:00:00,107.6
2022-08-30 10:30:00,109.0
2022-08-30 11:00:00,110.0
2022-08-30 11:30:00,107.0
2022-08-30 12:00:00,99.6
2022-08-30 12:30:00,107.4
2022-08-30 13:00:00,103.0
2022-08-30 13:30:00,102.6
2022-08-30 14:00:00,99.8
2022-08-30 14:30:00,92.2
2022-08-30 15:00:00,94.8
2022-08-30 15:30:00,94.2
2022-08-30 16:00:00,86.8
2022-08-30 16:30:00,75.4
2022-08-30 17:00:00,74.6
2022-08-30 17:30:00,79.2
2022-08-30 18:00:00,81.2
2022-08-30 18:30:00,84.4
2022-08-30 19:00:00,92.8
2022-08-30 19:30:00,97.2
2022-08-30 20:00:00,92.6
2022-08-30 20:30:00,92.6
2022-08-30 21:00:00,94.6
2022-08-30 21:30:00,78.0
2022-08-30 22:00:00,79.0
2022-08-30 22:30:00,70.8
2022-08-30 23:00:00,72.0
2022-08-30 23:30:00,56.6
2022-08-31 00:00:00,49.2
2022-08-31 00:30:00,42.8
2022-08-31 01:00:00,33.2
2022-08-31 01:30:00,28.8
2022-08-31 02:00:00,27.6
2022-08-31 02:30:00,26.2
2022-08-31 03:00:00,22.2
2022-08-31 03:30:00,24.6
2022-08-31 04:00:00,21.8
2022-08-31 04:30:00,28.6
2022-08-31 05:00:00,28.0
2022-08-31 05:30:00,28.2
2022-08-31 06:00:00,34.0
2022-08-31 06:30:00,50.6
2022-08-31 07:00:00,70.6
2022-08-31 07:30:00,81.4
2022-08-31 08:00:00,90.4
2022-08-31 08:30:00,97.0
2022-08-31 09:00:00,105.6
2022-08-31 09:30:00,103.8
2022-08-31 10:00:00,114.6
2022-08-31 10:30:00,109.6
2022-08-31 11:00:00,115.0
2022-08-31 11:30:00,106.2
2022-08-31 12:00:00,105.6
2022-08-31 12:30:00,103.2
2022-08-31 13:00:00,103.4
2022-08-31 13:30:00,99.2
2022-08-31 14:00:00,105.0
2022-08-31 14:30:00,99.2
2022-08-31 15:00:00,104.6
2022-08-31 15:30:00,90.4
2022-08-31 16:00:00,88.0
2022-08-31 16:30:00,85.4
2022-08-31 17:00:00,80.4
2022-08-31 17:30:00,86.2
2022-08-31 18:00:00,84.4
2022-08-31 18:30:00,88.6
2022-08-31 19:00:00,89.2
2022-08-31 19:30:00,92.0
2022-08-31 20:00:00,91.4
2022-08-31 20:30:00,93.6
2022-08-31 21:00:00,95.6
2022-08-31 21:30:00,88.2
2022-08-31 22:00:00,75.6
2022-08-31 22:30:00,76.0
2022-08-31 23:00:00,74.4
2022-08-31 23:30:00,60.8
2022-09-01 00:00:00,45.8
2022-09-01 00:30:00,39.4
2022-09-01 01:00:00,35.0
2022-09-01 01:30:00,29.0
2022-09-01 02:00:00,26.6
2022-09-01 02:30:00,25.2
2022-09-01 03:00:00,25.8
2022-09-01 03:30:00,25.8
2022-09-01 04:00:00,23.0
2022-09-01 04:30:00,28.2
2022-09-01 05:00:00,35.4
2022-09-01 05:30:00,40.6
2022-09-01 06:00:00,45.6
2022-09-01 06:30:00,58.0
2022-09-01 07:00:00,83.6
2022-09-01 07:30:00,91.4
2022-09-01 08:00:00,99.8
2022-09-01 08:30:00,102.2
2022-09-01 09:00:00,111.0
2022-09-01 09:30:00,115.6
2022-09-01 10:00:00,118.4
2022-09-01 10:30:00,126.8
2022-09-01 11:00:00,120.0
2022-09-01 11:30:00,114.8
2022-09-01 12:00:00,112.6
2022-09-01 12:30:00,113.4
2022-09-01 13:00:00,111.4
2022-09-01 13:30:00,115.8
2022-09-01 14:00:00,104.6
2022-09-01 14:30:00,113.2
2022-09-01 15:00:00,110.0
2022-09-01 15:30:00,106.0
2022-09-01 16:00:00,101.2
2022-09-01 16:30:00,95.8
2022-09-01 17:00:00,92.4
2022-09-01 17:30:00,93.6
2022-09-01 18:00:00,89.2
2022-09-01 18:30:00,94.0
2022-09-01 19:00:00,99.8
2022-09-01 19:30:00,107.6
2022-09-01 20:00:00,107.2
2022-09-01 20:30:00,106.0
2022-09-01 21:00:00,107.2
2022-09-01 21:30:00,102.2
2022-09-01 22:00:00,92.2
2022-09-01 22:30:00,87.8
2022-09-01 23:00:00,88.0
2022-09-01 23:30:00,70.0
2022-09-02 00:00:00,58.0
2022-09-02 00:30:00,50.4
2022-09-02 01:00:00,46.8
2022-09-02 01:30:00,43.8
2022-09-02 02:00:00,41.8
2022-09-02 02:30:00,42.0
2022-09-02 03:00:00,37.2
2022-09-02 03:30:00,42.2
2022-09-02 04:00:00,34.4
2022-09-02 04:30:00,40.8
2022-09-02 05:00:00,41.4
2022-09-02 05:30:00,44.6
2022-09-02 06:00:00,49.6
2022-09-02 06:30:00,60.0
2022-09-02 07:00:00,79.8
2022-09-02 07:30:00,93.8
2022-09-02 08:00:00,99.6
2022-09-02 08:30:00,107.2
2022-09-02 09:00:00,115.8
2022-09-02 09:30:00,116.6
2022-09-02 10:00:00,114.6
2022-09-02 10:30:00,116.4
2022-09-02 11:00:00,115.2
2022-09-02 11:30:00,112.0
2022-09-02 12:00:00,114.2
2022-09-02 12:30:00,109.4
2022-09-02 13:00:00,113.0
2022-09-02 13:30:00,146.8
2022-09-02 14:00:00,125.8
2022-09-02 14:30:00,106.4
2022-09-02 15:00:00,102.6
2022-09-02 15:30:00,101.2
2022-09-02 16:00:00,90.6
2022-09-02 16:30:00,82.6
2022-09-02 17:00:00,80.2
2022-09-02 17:30:00,85.0
2022-09-02 18:00:00,88.8
2022-09-02 18:30:00,100.4
2022-09-02 19:00:00,94.8
2022-09-02 19:30:00,101.8
2022-09-02 20:00:00,95.8
2022-09-02 20:30:00,94.0
2022-09-02 21:00:00,93.8
2022-09-02 21:30:00,100.6
2022-09-02 22:00:00,91.2
2022-09-02 22:30:00,90.0
2022-09-02 23:00:00,89.0
2022-09-02 23:30:00,75.8
2022-09-03 00:00:00,65.8
2022-09-03 00:30:00,58.8
2022-09-03 01:00:00,44.2
2022-09-03 01:30:00,44.0
2022-09-03 02:00:00,36.6
2022-09-03 02:30:00,33.8
2022-09-03 03:00:00,32.0
2022-09-03 03:30:00,32.2
2022-09-03 04:00:00,25.6
2022-09-03 04:30:00,26.2
2022-09-03 05:00:00,29.2
2022-09-03 05:30:00,39.4
2022-09-03 06:00:00,47.4
2022-09-03 06:30:00,36.2
2022-09-03 07:00:00,50.0
2022-09-03 07:30:00,61.0
2022-09-03 08:00:00,71.6
2022-09-03 08:30:00,83.8
2022-09-03 09:00:00,91.2
2022-09-03 09:30:00,96.2
2022-09-03 10:00:00,110.0
2022-09-03 10:30:00,104.0
2022-09-03 11:00:00,112.6
2022-09-03 11:30:00,112.6
2022-09-03 12:00:00,106.0
2022-09-03 12:30:00,111.4
2022-09-03 13:00:00,102.2
2022-09-03 13:30:00,99.2
2022-09-03 14:00:00,96.6
2022-09-03 14:30:00,91.4
2022-09-03 15:00:00,93.4
2022-09-03 15:30:00,91.8
2022-09-03 16:00:00,86.8
2022-09-03 16:30:00,85.2
2022-09-03 17:00:00,80.6
2022-09-03 17:30:00,84.0
2022-09-03 18:00:00,82.2
2022-09-03 18:30:00,85.8
2022-09-03 19:00:00,95.6
2022-09-03 19:30:00,100.8
2022-09-03 20:00:00,102.2
2022-09-03 20:30:00,104.0
2022-09-03 21:00:00,101.2
2022-09-03 21:30:00,97.0
2022-09-03 22:00:00,97.0
2022-09-03 22:30:00,94.2
2022-09-03 23:00:00,94.0
2022-09-03 23:30:00,85.8
2022-09-04 00:00:00,69.2
2022-09-04 00:30:00,60.4
2022-09-04 01:00:00,60.0
2022-09-04 01:30:00,46.2
2022-09-04 02:00:00,42.6
2022-09-04 02:30:00,44.6
2022-09-04 03:00:00,36.4
2022-09-04 03:30:00,30.8
2022-09-04 04:00:00,29.6
2022-09-04 04:30:00,32.4
2022-09-04 05:00:00,29.4
2022-09-04 05:30:00,30.2
2022-09-04 06:00:00,31.4
2022-09-04 06:30:00,35.4
2022-09-04 07:00:00,42.4
2022-09-04 07:30:00,49.0
2022-09-04 08:00:00,69.6
2022-09-04 08:30:00,77.2
2022-09-04 09:00:00,89.2
2022-09-04 09:30:00,94.0
2022-09-04 10:00:00,101.4
2022-09-04 10:30:00,102.6
2022-09-04 11:00:00,101.8
2022-09-04 11:30:00,102.2
2022-09-04 12:00:00,96.2
2022-09-04 12:30:00,100.0
2022-09-04 13:00:00,95.2
2022-09-04 13:30:00,92.8
2022-09-04 14:00:00,91.0
2022-09-04 14:30:00,88.8
2022-09-04 15:00:00,82.0
2022-09-04 15:30:00,75.2
2022-09-04 16:00:00,66.8
2022-09-04 16:30:00,74.2
2022-09-04 17:00:00,65.6
2022-09-04 17:30:00,65.4
2022-09-04 18:00:00,66.6
2022-09-04 18:30:00,73.6
2022-09-04 19:00:00,83.6
2022-09-04 19:30:00,91.2
2022-09-04 20:00:00,87.4
2022-09-04 20:30:00,91.0
2022-09-04 21:00:00,84.6
2022-09-04 21:30:00,87.4
2022-09-04 22:00:00,73.6
2022-09-04 22:30:00,74.2
2022-09-04 23:00:00,70.2
2022-09-04 23:30:00,56.0
2022-09-05 00:00:00,48.6
2022-09-05 00:30:00,39.2
2022-09-05 01:00:00,33.6
2022-09-05 01:30:00,26.6
2022-09-05 02:00:00,23.8
2022-09-05 02:30:00,24.4
2022-09-05 03:00:00,22.2
2022-09-05 03:30:00,23.0
2022-09-05 04:00:00,21.0
2022-09-05 04:30:00,27.8
2022-09-05 05:00:00,28.4
2022-09-05 05:30:00,28.0
2022-09-05 06:00:00,36.0
2022-09-05 06:30:00,53.4
2022-09-05 07:00:00,70.8
2022-09-05 07:30:00,92.8
2022-09-05 08:00:00,95.2
2022-09-05 08:30:00,103.0
2022-09-05 09:00:00,114.8
2022-09-05 09:30:00,111.4
2022-09-05 10:00:00,111.4
2022-09-05 10:30:00,113.2
2022-09-05 11:00:00,114.6
2022-09-05 11:30:00,105.6
2022-09-05 12:00:00,105.2
2022-09-05 12:30:00,100.2
2022-09-05 13:00:00,104.4
2022-09-05 13:30:00,102.6
2022-09-05 14:00:00,98.0
2022-09-05 14:30:00,98.4
2022-09-05 15:00:00,93.0
2022-09-05 15:30:00,88.4
2022-09-05 16:00:00,82.4
2022-09-05 16:30:00,80.4
2022-09-05 17:00:00,75.0
2022-09-05 17:30:00,78.8
2022-09-05 18:00:00,85.0
2022-09-05 18:30:00,87.6
2022-09-05 19:00:00,90.8
2022-09-05 19:30:00,97.4
2022-09-05 20:00:00,93.2
2022-09-05 20:30:00,95.4
2022-09-05 21:00:00,90.8
2022-09-05 21:30:00,95.0
2022-09-05 22:00:00,80.4
2022-09-05 22:30:00,77.0
2022-09-05 23:00:00,75.4
2022-09-05 23:30:00,61.0
2022-09-06 00:00:00,51.2
2022-09-06 00:30:00,37.8
2022-09-06 01:00:00,34.4
2022-09-06 01:30:00,32.6
2022-09-06 02:00:00,29.6
2022-09-06 02:30:00,29.2
2022-09-06 03:00:00,28.8
2022-09-06 03:30:00,27.6
2022-09-06 04:00:00,23.4
2022-09-06 04:30:00,34.6
2022-09-06 05:00:00,31.0
2022-09-06 05:30:00,32.6
2022-09-06 06:00:00,37.8
2022-09-06 06:30:00,56.6
2022-09-06 07:00:00,71.4
2022-09-06 07:30:00,88.4
2022-09-06 08:00:00,103.6
2022-09-06 08:30:00,105.2
2022-09-06 09:00:00,117.6
2022-09-06 09:30:00,110.8
2022-09-06 10:00:00,104.0
2022-09-06 10:30:00,113.0
2022-09-06 11:00:00,110.8
2022-09-06 11:30:00,102.4
2022-09-06 12:00:00,105.2
2022-09-06 12:30:00,100.0
2022-09-06 13:00:00,107.2
2022-09-06 13:30:00,108.8
2022-09-06 14:00:00,100.6
2022-09-06 14:30:00,101.4
2022-09-06 15:00:00,99.0
2022-09-06 15:30:00,92.4
2022-09-06 16:00:00,84.6
2022-09-06 16:30:00,80.8
2022-09-06 17:00:00,76.4
2022-09-06 17:30:00,79.0
2022-09-06 18:00:00,80.2
2022-09-06 18:30:00,80.0
2022-09-06 19:00:00,88.6
2022-09-06 19:30:00,97.0
2022-09-06 20:00:00,97.6
2022-09-06 20:30:00,93.8
2022-09-06 21:00:00,96.8
2022-09-06 21:30:00,90.6
2022-09-06 22:00:00,81.2
2022-09-06 22:30:00,76.4
2022-09-06 23:00:00,71.4
2022-09-06 23:30:00,58.2
2022-09-07 00:00:00,47.8
2022-09-07 00:30:00,44.2
2022-09-07 01:00:00,37.2
2022-09-07 01:30:00,30.0
2022-09-07 02:00:00,27.8
2022-09-07 02:30:00,24.2
2022-09-07 03:00:00,22.0
2022-09-07 03:30:00,26.0
2022-09-07 04:00:00,24.2
2022-09-07 04:30:00,28.2
2022-09-07 05:00:00,29.2
2022-09-07 05:30:00,30.8
2022-09-07 06:00:00,37.4
2022-09-07 06:30:00,56.4
2022-09-07 07:00:00,79.8
2022-09-07 07:30:00,102.6
2022-09-07 08:00:00,109.0
2022-09-07 08:30:00,105.4
2022-09-07 09:00:00,115.2
2022-09-07 09:30:00,113.4
2022-09-07 10:00:00,112.6
2022-09-07 10:30:00,111.0
2022-09-07 11:00:00,110.4
2022-09-07 11:30:00,99.0
2022-09-07 12:00:00,103.8
2022-09-07 12:30:00,106.8
2022-09-07 13:00:00,100.6
2022-09-07 13:30:00,103.8
2022-09-07 14:00:00,102.4
2022-09-07 14:30:00,100.2
2022-09-07 15:00:00,101.6
2022-09-07 15:30:00,95.6
2022-09-07 16:00:00,93.0
2022-09-07 16:30:00,110.0
2022-09-07 17:00:00,88.6
2022-09-07 17:30:00,87.6
2022-09-07 18:00:00,95.4
2022-09-07 18:30:00,91.8
2022-09-07 19:00:00,99.6
2022-09-07 19:30:00,107.4
2022-09-07 20:00:00,102.6
2022-09-07 20:30:00,93.8
2022-09-07 21:00:00,94.8
2022-09-07 21:30:00,95.2
2022-09-07 22:00:00,84.8
2022-09-07 22:30:00,83.4
2022-09-07 23:00:00,76.4
2022-09-07 23:30:00,56.8
2022-09-08 00:00:00,48.2
2022-09-08 00:30:00,40.0
2022-09-08 01:00:00,36.8
2022-09-08 01:30:00,33.0
2022-09-08 02:00:00,29.6
2022-09-08 02:30:00,33.4
2022-09-08 03:00:00,26.4
2022-09-08 03:30:00,32.2
2022-09-08 04:00:00,25.6
2022-09-08 04:30:00,33.2
2022-09-08 05:00:00,35.0
2022-09-08 05:30:00,36.6
2022-09-08 06:00:00,43.8
2022-09-08 06:30:00,76.0
2022-09-08 07:00:00,88.0
2022-09-08 07:30:00,94.4
2022-09-08 08:00:00,101.4
2022-09-08 08:30:00,110.4
2022-09-08 09:00:00,112.4
2022-09-08 09:30:00,112.4
2022-09-08 10:00:00,115.2
2022-09-08 10:30:00,113.6
2022-09-08 11:00:00,114.4
2022-09-08 11:30:00,109.8
2022-09-08 12:00:00,106.4
2022-09-08 12:30:00,102.2
2022-09-08 13:00:00,105.0
2022-09-08 13:30:00,105.2
2022-09-08 14:00:00,99.2
2022-09-08 14:30:00,98.6
2022-09-08 15:00:00,102.0
2022-09-08 15:30:00,99.4
2022-09-08 16:00:00,90.4
2022-09-08 16:30:00,86.4
2022-09-08 17:00:00,90.0
2022-09-08 17:30:00,102.6
2022-09-08 18:00:00,88.2
2022-09-08 18:30:00,87.6
2022-09-08 19:00:00,92.2
2022-09-08 19:30:00,99.8
2022-09-08 20:00:00,98.0
2022-09-08 20:30:00,95.0
2022-09-08 21:00:00,97.2
2022-09-08 21:30:00,93.8
2022-09-08 22:00:00,83.6
2022-09-08 22:30:00,82.0
2022-09-08 23:00:00,76.8
2022-09-08 23:30:00,61.8
2022-09-09 00:00:00,53.6
2022-09-09 00:30:00,48.4
2022-09-09 01:00:00,36.2
2022-09-09 01:30:00,30.8
2022-09-09 02:00:00,28.2
2022-09-09 02:30:00,28.2
2022-09-09 03:00:00,33.0
2022-09-09 03:30:00,29.6
2022-09-09 04:00:00,22.8
2022-09-09 04:30:00,27.8
2022-09-09 05:00:00,28.6
2022-09-09 05:30:00,28.8
2022-09-09 06:00:00,40.0
2022-09-09 06:30:00,50.4
2022-09-09 07:00:00,69.8
2022-09-09 07:30:00,87.0
2022-09-09 08:00:00,103.0
2022-09-09 08:30:00,105.2
2022-09-09 09:00:00,111.0
2022-09-09 09:30:00,120.4
2022-09-09 10:00:00,120.8
2022-09-09 10:30:00,118.0
2022-09-09 11:00:00,119.6
2022-09-09 11:30:00,111.0
2022-09-09 12:00:00,110.2
2022-09-09 12:30:00,106.2
2022-09-09 13:00:00,103.0
2022-09-09 13:30:00,114.6
2022-09-09 14:00:00,104.2
2022-09-09 14:30:00,99.6
2022-09-09 15:00:00,96.0
2022-09-09 15:30:00,94.8
2022-09-09 16:00:00,92.6
2022-09-09 16:30:00,86.0
2022-09-09 17:00:00,85.2
2022-09-09 17:30:00,85.6
2022-09-09 18:00:00,85.0
2022-09-09 18:30:00,95.8
2022-09-09 19:00:00,95.2
2022-09-09 19:30:00,115.8
2022-09-09 20:00:00,108.2
2022-09-09 20:30:00,103.4
2022-09-09 21:00:00,96.6
2022-09-09 21:30:00,98.8
2022-09-09 22:00:00,87.0
2022-09-09 22:30:00,90.6
2022-09-09 23:00:00,91.2
2022-09-09 23:30:00,77.6
2022-09-10 00:00:00,62.8
2022-09-10 00:30:00,53.4
2022-09-10 01:00:00,48.4
2022-09-10 01:30:00,42.4
2022-09-10 02:00:00,37.4
2022-09-10 02:30:00,32.8
2022-09-10 03:00:00,29.0
2022-09-10 03:30:00,28.8
2022-09-10 04:00:00,27.2
2022-09-10 04:30:00,24.8
2022-09-10 05:00:00,27.4
2022-09-10 05:30:00,29.2
2022-09-10 06:00:00,31.4
2022-09-10 06:30:00,40.2
2022-09-10 07:00:00,53.8
2022-09-10 07:30:00,71.4
2022-09-10 08:00:00,83.2
2022-09-10 08:30:00,96.2
2022-09-10 09:00:00,111.2
2022-09-10 09:30:00,113.2
2022-09-10 10:00:00,110.8
2022-09-10 10:30:00,112.0
2022-09-10 11:00:00,114.0
2022-09-10 11:30:00,104.6
2022-09-10 12:00:00,107.8
2022-09-10 12:30:00,104.8
2022-09-10 13:00:00,101.6
2022-09-10 13:30:00,97.2
2022-09-10 14:00:00,91.0
2022-09-10 14:30:00,91.8
2022-09-10 15:00:00,90.6
2022-09-10 15:30:00,88.4
2022-09-10 16:00:00,81.8
2022-09-10 16:30:00,79.0
2022-09-10 17:00:00,78.4
2022-09-10 17:30:00,80.4
2022-09-10 18:00:00,89.8
2022-09-10 18:30:00,86.6
2022-09-10 19:00:00,93.0
2022-09-10 19:30:00,96.2
2022-09-10 20:00:00,100.8
2022-09-10 20:30:00,98.6
2022-09-10 21:00:00,102.4
2022-09-10 21:30:00,99.8
2022-09-10 22:00:00,94.0
2022-09-10 22:30:00,93.6
2022-09-10 23:00:00,96.0
2022-09-10 23:30:00,85.6
2022-09-11 00:00:00,72.6
2022-09-11 00:30:00,57.4
2022-09-11 01:00:00,51.8
2022-09-11 01:30:00,46.4
2022-09-11 02:00:00,41.4
2022-09-11 02:30:00,39.0
2022-09-11 03:00:00,32.8
2022-09-11 03:30:00,31.4
2022-09-11 04:00:00,27.6
2022-09-11 04:30:00,25.4
2022-09-11 05:00:00,25.0
2022-09-11 05:30:00,28.0
2022-09-11 06:00:00,29.0
2022-09-11 06:30:00,33.8
2022-09-11 07:00:00,35.2
2022-09-11 07:30:00,49.8
2022-09-11 08:00:00,70.6
2022-09-11 08:30:00,80.0
2022-09-11 09:00:00,94.2
2022-09-11 09:30:00,102.4
2022-09-11 10:00:00,106.8
2022-09-11 10:30:00,105.8
2022-09-11 11:00:00,104.2
2022-09-11 11:30:00,99.2
2022-09-11 12:00:00,100.6
2022-09-11 12:30:00,92.6
2022-09-11 13:00:00,95.8
2022-09-11 13:30:00,94.0
2022-09-11 14:00:00,88.2
2022-09-11 14:30:00,83.6
2022-09-11 15:00:00,81.4
2022-09-11 15:30:00,81.4
2022-09-11 16:00:00,70.8
2022-09-11 16:30:00,69.2
2022-09-11 17:00:00,70.6
2022-09-11 17:30:00,69.2
2022-09-11 18:00:00,67.2
2022-09-11 18:30:00,78.2
2022-09-11 19:00:00,83.6
2022-09-11 19:30:00,97.8
2022-09-11 20:00:00,98.2
2022-09-11 20:30:00,96.4
2022-09-11 21:00:00,83.2
2022-09-11 21:30:00,84.0
2022-09-11 22:00:00,73.8
2022-09-11 22:30:00,73.8
2022-09-11 23:00:00,63.2
2022-09-11 23:30:00,57.0
2022-09-12 00:00:00,45.0
2022-09-12 00:30:00,36.0
2022-09-12 01:00:00,31.8
2022-09-12 01:30:00,28.8
2022-09-12 02:00:00,26.6
2022-09-12 02:30:00,24.8
2022-09-12 03:00:00,22.0
2022-09-12 03:30:00,21.6
2022-09-12 04:00:00,20.8
2022-09-12 04:30:00,26.6
2022-09-12 05:00:00,25.4
2022-09-12 05:30:00,30.2
2022-09-12 06:00:00,38.8
2022-09-12 06:30:00,61.2
2022-09-12 07:00:00,79.4
2022-09-12 07:30:00,94.4
2022-09-12 08:00:00,102.2
2022-09-12 08:30:00,105.6
2022-09-12 09:00:00,109.4
2022-09-12 09:30:00,117.4
2022-09-12 10:00:00,115.6
2022-09-12 10:30:00,114.8
2022-09-12 11:00:00,112.6
2022-09-12 11:30:00,103.6
2022-09-12 12:00:00,102.0
2022-09-12 12:30:00,98.2
2022-09-12 13:00:00,99.2
2022-09-12 13:30:00,109.2
2022-09-12 14:00:00,98.2
2022-09-12 14:30:00,95.2
2022-09-12 15:00:00,96.8
2022-09-12 15:30:00,93.0
2022-09-12 16:00:00,83.4
2022-09-12 16:30:00,80.6
2022-09-12 17:00:00,76.2
2022-09-12 17:30:00,81.4
2022-09-12 18:00:00,83.4
2022-09-12 18:30:00,86.2
2022-09-12 19:00:00,87.0
2022-09-12 19:30:00,103.8
2022-09-12 20:00:00,98.4
2022-09-12 20:30:00,98.4
2022-09-12 21:00:00,91.0
2022-09-12 21:30:00,80.4
2022-09-12 22:00:00,73.6
2022-09-12 22:30:00,72.6
2022-09-12 23:00:00,68.2
2022-09-12 23:30:00,55.2
2022-09-13 00:00:00,44.2
2022-09-13 00:30:00,42.0
2022-09-13 01:00:00,34.4
2022-09-13 01:30:00,30.0
2022-09-13 02:00:00,25.4
2022-09-13 02:30:00,28.0
2022-09-13 03:00:00,25.6
2022-09-13 03:30:00,23.6
2022-09-13 04:00:00,22.4
2022-09-13 04:30:00,27.6
2022-09-13 05:00:00,26.6
2022-09-13 05:30:00,30.8
2022-09-13 06:00:00,41.0
2022-09-13 06:30:00,59.4
2022-09-13 07:00:00,76.6
2022-09-13 07:30:00,91.4
2022-09-13 08:00:00,98.0
2022-09-13 08:30:00,107.8
2022-09-13 09:00:00,108.2
2022-09-13 09:30:00,111.0
2022-09-13 10:00:00,113.8
2022-09-13 10:30:00,115.2
2022-09-13 11:00:00,109.2
2022-09-13 11:30:00,101.8
2022-09-13 12:00:00,98.6
2022-09-13 12:30:00,100.0
2022-09-13 13:00:00,101.2
2022-09-13 13:30:00,101.6
2022-09-13 14:00:00,96.0
2022-09-13 14:30:00,96.2
2022-09-13 15:00:00,98.6
2022-09-13 15:30:00,93.2
2022-09-13 16:00:00,85.2
2022-09-13 16:30:00,79.6
2022-09-13 17:00:00,77.0
2022-09-13 17:30:00,80.6
2022-09-13 18:00:00,78.8
2022-09-13 18:30:00,81.0
2022-09-13 19:00:00,83.0
2022-09-13 19:30:00,95.6
2022-09-13 20:00:00,95.8
2022-09-13 20:30:00,90.2
2022-09-13 21:00:00,81.4
2022-09-13 21:30:00,78.2
2022-09-13 22:00:00,72.4
2022-09-13 22:30:00,70.2
2022-09-13 23:00:00,65.4
2022-09-13 23:30:00,54.2
2022-09-14 00:00:00,41.2
2022-09-14 00:30:00,35.0
2022-09-14 01:00:00,28.4
2022-09-14 01:30:00,26.8
2022-09-14 02:00:00,24.2
2022-09-14 02:30:00,27.6
2022-09-14 03:00:00,33.8
2022-09-14 03:30:00,27.2
2022-09-14 04:00:00,22.2
2022-09-14 04:30:00,28.2
2022-09-14 05:00:00,30.0
2022-09-14 05:30:00,32.8
2022-09-14 06:00:00,45.0
2022-09-14 06:30:00,63.8
2022-09-14 07:00:00,74.0
2022-09-14 07:30:00,98.6
2022-09-14 08:00:00,102.6
2022-09-14 08:30:00,100.6
2022-09-14 09:00:00,107.4
2022-09-14 09:30:00,111.8
2022-09-14 10:00:00,106.4
2022-09-14 10:30:00,110.6
2022-09-14 11:00:00,108.8
2022-09-14 11:30:00,102.8
2022-09-14 12:00:00,91.6
2022-09-14 12:30:00,97.4
2022-09-14 13:00:00,95.8
2022-09-14 13:30:00,102.8
2022-09-14 14:00:00,96.2
2022-09-14 14:30:00,99.2
2022-09-14 15:00:00,96.6
2022-09-14 15:30:00,93.6
2022-09-14 16:00:00,81.8
2022-09-14 16:30:00,78.2
2022-09-14 17:00:00,77.8
2022-09-14 17:30:00,77.2
2022-09-14 18:00:00,79.8
2022-09-14 18:30:00,84.8
2022-09-14 19:00:00,91.0
2022-09-14 19:30:00,96.6
2022-09-14 20:00:00,89.6
2022-09-14 20:30:00,92.0
2022-09-14 21:00:00,97.2
2022-09-14 21:30:00,90.6
2022-09-14 22:00:00,80.8
2022-09-14 22:30:00,84.6
2022-09-14 23:00:00,72.0
2022-09-14 23:30:00,54.4
2022-09-15 00:00:00,43.8
2022-09-15 00:30:00,39.4
2022-09-15 01:00:00,30.2
2022-09-15 01:30:00,25.2
2022-09-15 02:00:00,23.6
2022-09-15 02:30:00,24.0
2022-09-15 03:00:00,21.6
2022-09-15 03:30:00,24.2
2022-09-15 04:00:00,20.4
2022-09-15 04:30:00,30.2
2022-09-15 05:00:00,28.4
2022-09-15 05:30:00,43.0
2022-09-15 06:00:00,68.0
2022-09-15 06:30:00,87.4
2022-09-15 07:00:00,103.4
2022-09-15 07:30:00,123.4
2022-09-15 08:00:00,127.4
2022-09-15 08:30:00,128.0
2022-09-15 09:00:00,135.2
2022-09-15 09:30:00,137.40001
2022-09-15 10:00:00,138.6
2022-09-15 10:30:00,139.8
2022-09-15 11:00:00,133.2
2022-09-15 11:30:00,128.8
2022-09-15 12:00:00,124.0
2022-09-15 12:30:00,120.8
2022-09-15 13:00:00,125.6
2022-09-15 13:30:00,121.8
2022-09-15 14:00:00,124.2
2022-09-15 14:30:00,123.4
2022-09-15 15:00:00,128.8
2022-09-15 15:30:00,119.8
2022-09-15 16:00:00,111.0
2022-09-15 16:30:00,103.4
2022-09-15 17:00:00,104.0
2022-09-15 17:30:00,103.8
2022-09-15 18:00:00,111.4
2022-09-15 18:30:00,110.2
2022-09-15 19:00:00,117.2
2022-09-15 19:30:00,132.8
2022-09-15 20:00:00,122.8
2022-09-15 20:30:00,115.4
2022-09-15 21:00:00,112.6
2022-09-15 21:30:00,119.0
2022-09-15 22:00:00,104.4
2022-09-15 22:30:00,99.0
2022-09-15 23:00:00,98.2
2022-09-15 23:30:00,81.6
2022-09-16 00:00:00,68.4
2022-09-16 00:30:00,59.2
2022-09-16 01:00:00,56.8
2022-09-16 01:30:00,55.4
2022-09-16 02:00:00,52.2
2022-09-16 02:30:00,53.0
2022-09-16 03:00:00,50.6
2022-09-16 03:30:00,53.0
2022-09-16 04:00:00,46.8
2022-09-16 04:30:00,54.8
2022-09-16 05:00:00,55.0
2022-09-16 05:30:00,57.4
2022-09-16 06:00:00,65.2
2022-09-16 06:30:00,81.2
2022-09-16 07:00:00,105.6
2022-09-16 07:30:00,115.2
2022-09-16 08:00:00,127.4
2022-09-16 08:30:00,136.8
2022-09-16 09:00:00,145.40001
2022-09-16 09:30:00,138.0
2022-09-16 10:00:00,138.40001
2022-09-16 10:30:00,147.2
2022-09-16 11:00:00,138.40001
2022-09-16 11:30:00,130.8
2022-09-16 12:00:00,132.8
2022-09-16 12:30:00,128.2
2022-09-16 13:00:00,123.0
2022-09-16 13:30:00,126.4
2022-09-16 14:00:00,125.4
2022-09-16 14:30:00,124.6
2022-09-16 15:00:00,121.0
2022-09-16 15:30:00,121.0
2022-09-16 16:00:00,117.4
2022-09-16 16:30:00,110.8
2022-09-16 17:00:00,112.4
2022-09-16 17:30:00,108.6
2022-09-16 18:00:00,113.0
2022-09-16 18:30:00,119.4
2022-09-16 19:00:00,121.2
2022-09-16 19:30:00,123.8
2022-09-16 20:00:00,125.0
2022-09-16 20:30:00,119.0
2022-09-16 21:00:00,119.2
2022-09-16 21:30:00,111.4
2022-09-16 22:00:00,110.8
2022-09-16 22:30:00,107.4
2022-09-16 23:00:00,111.2
2022-09-16 23:30:00,101.2
2022-09-17 00:00:00,93.0
2022-09-17 00:30:00,79.2
2022-09-17 01:00:00,70.8
2022-09-17 01:30:00,64.0
2022-09-17 02:00:00,61.6
2022-09-17 02:30:00,57.4
2022-09-17 03:00:00,59.6
2022-09-17 03:30:00,57.0
2022-09-17 04:00:00,49.6
2022-09-17 04:30:00,48.8
2022-09-17 05:00:00,51.4
2022-09-17 05:30:00,54.8
2022-09-17 06:00:00,55.2
2022-09-17 06:30:00,61.8
2022-09-17 07:00:00,69.6
2022-09-17 07:30:00,88.8
2022-09-17 08:00:00,109.4
2022-09-17 08:30:00,121.2
2022-09-17 09:00:00,133.6
2022-09-17 09:30:00,143.40001
2022-09-17 10:00:00,138.6
2022-09-17 10:30:00,141.40001
2022-09-17 11:00:00,140.0
2022-09-17 11:30:00,144.0
2022-09-17 12:00:00,140.40001
2022-09-17 12:30:00,136.40001
2022-09-17 13:00:00,131.4
2022-09-17 13:30:00,129.8
2022-09-17 14:00:00,126.8
2022-09-17 14:30:00,125.0
2022-09-17 15:00:00,124.8
2022-09-17 15:30:00,120.6
2022-09-17 16:00:00,124.2
2022-09-17 16:30:00,116.4
2022-09-17 17:00:00,118.2
2022-09-17 17:30:00,116.8
2022-09-17 18:00:00,115.0
2022-09-17 18:30:00,116.2
2022-09-17 19:00:00,117.6
2022-09-17 19:30:00,123.2
2022-09-17 20:00:00,120.4
2022-09-17 20:30:00,125.4
2022-09-17 21:00:00,120.0
2022-09-17 21:30:00,118.4
2022-09-17 22:00:00,117.6
2022-09-17 22:30:00,117.6
2022-09-17 23:00:00,121.8
2022-09-17 23:30:00,110.4
2022-09-18 00:00:00,94.2
2022-09-18 00:30:00,84.6
2022-09-18 01:00:00,77.0
2022-09-18 01:30:00,70.2
2022-09-18 02:00:00,65.2
2022-09-18 02:30:00,64.6
2022-09-18 03:00:00,61.8
2022-09-18 03:30:00,59.0
2022-09-18 04:00:00,54.8
2022-09-18 04:30:00,53.2
2022-09-18 05:00:00,56.2
2022-09-18 05:30:00,57.0
2022-09-18 06:00:00,57.4
2022-09-18 06:30:00,58.0
2022-09-18 07:00:00,62.8
2022-09-18 07:30:00,80.4
2022-09-18 08:00:00,95.0
2022-09-18 08:30:00,104.6
2022-09-18 09:00:00,119.6
2022-09-18 09:30:00,126.2
2022-09-18 10:00:00,132.2
2022-09-18 10:30:00,134.2
2022-09-18 11:00:00,138.40001
2022-09-18 11:30:00,131.6
2022-09-18 12:00:00,119.0
2022-09-18 12:30:00,113.4
2022-09-18 13:00:00,117.4
2022-09-18 13:30:00,111.8
2022-09-18 14:00:00,112.0
2022-09-18 14:30:00,111.6
2022-09-18 15:00:00,112.6
2022-09-18 15:30:00,106.4
2022-09-18 16:00:00,96.8
2022-09-18 16:30:00,96.2
2022-09-18 17:00:00,103.8
2022-09-18 17:30:00,97.2
2022-09-18 18:00:00,107.0
2022-09-18 18:30:00,101.6
2022-09-18 19:00:00,107.2
2022-09-18 19:30:00,110.4
2022-09-18 20:00:00,114.2
2022-09-18 20:30:00,109.4
2022-09-18 21:00:00,110.4
2022-09-18 21:30:00,105.0
2022-09-18 22:00:00,99.4
2022-09-18 22:30:00,98.0
2022-09-18 23:00:00,93.4
2022-09-18 23:30:00,78.0
2022-09-19 00:00:00,68.4
2022-09-19 00:30:00,62.6
2022-09-19 01:00:00,58.2
2022-09-19 01:30:00,54.8
2022-09-19 02:00:00,52.4
2022-09-19 02:30:00,59.2
2022-09-19 03:00:00,53.6
2022-09-19 03:30:00,52.6
2022-09-19 04:00:00,47.6
2022-09-19 04:30:00,57.2
2022-09-19 05:00:00,54.0
2022-09-19 05:30:00,59.2
2022-09-19 06:00:00,68.8
2022-09-19 06:30:00,87.0
2022-09-19 07:00:00,100.6
2022-09-19 07:30:00,119.4
2022-09-19 08:00:00,132.2
2022-09-19 08:30:00,133.8
2022-09-19 09:00:00,140.0
2022-09-19 09:30:00,147.8
2022-09-19 10:00:00,139.2
2022-09-19 10:30:00,140.6
2022-09-19 11:00:00,141.40001
2022-09-19 11:30:00,133.8
2022-09-19 12:00:00,127.6
2022-09-19 12:30:00,135.2
2022-09-19 13:00:00,123.4
2022-09-19 13:30:00,129.8
2022-09-19 14:00:00,127.6
2022-09-19 14:30:00,130.2
2022-09-19 15:00:00,121.4
2022-09-19 15:30:00,118.2
2022-09-19 16:00:00,107.8
2022-09-19 16:30:00,106.8
2022-09-19 17:00:00,99.4
2022-09-19 17:30:00,105.2
2022-09-19 18:00:00,109.2
2022-09-19 18:30:00,102.4
2022-09-19 19:00:00,112.2
2022-09-19 19:30:00,101.0
2022-09-19 20:00:00,97.6
2022-09-19 20:30:00,91.6
2022-09-19 21:00:00,88.2
2022-09-19 21:30:00,84.8
2022-09-19 22:00:00,78.2
2022-09-19 22:30:00,68.6
2022-09-19 23:00:00,63.6
2022-09-19 23:30:00,52.4
2022-09-20 00:00:00,44.0
2022-09-20 00:30:00,36.6
2022-09-20 01:00:00,30.2
2022-09-20 01:30:00,26.4
2022-09-20 02:00:00,23.2
2022-09-20 02:30:00,21.8
2022-09-20 03:00:00,23.6
2022-09-20 03:30:00,23.2
2022-09-20 04:00:00,20.2
2022-09-20 04:30:00,29.4
2022-09-20 05:00:00,29.2
2022-09-20 05:30:00,32.0
2022-09-20 06:00:00,44.6
2022-09-20 06:30:00,56.2
2022-09-20 07:00:00,81.4
2022-09-20 07:30:00,94.0
2022-09-20 08:00:00,99.2
2022-09-20 08:30:00,109.8
2022-09-20 09:00:00,113.2
2022-09-20 09:30:00,112.6
2022-09-20 10:00:00,117.0
2022-09-20 10:30:00,116.2
2022-09-20 11:00:00,116.6
2022-09-20 11:30:00,135.0
2022-09-20 12:00:00,112.8
2022-09-20 12:30:00,98.8
2022-09-20 13:00:00,98.6
2022-09-20 13:30:00,93.2
2022-09-20 14:00:00,98.4
2022-09-20 14:30:00,94.4
2022-09-20 15:00:00,93.6
2022-09-20 15:30:00,90.0
2022-09-20 16:00:00,88.0
2022-09-20 16:30:00,78.4
2022-09-20 17:00:00,81.0
2022-09-20 17:30:00,73.8
2022-09-20 18:00:00,77.6
2022-09-20 18:30:00,81.4
2022-09-20 19:00:00,89.8
2022-09-20 19:30:00,96.8
2022-09-20 20:00:00,95.4
2022-09-20 20:30:00,94.4
2022-09-20 21:00:00,95.4
2022-09-20 21:30:00,86.6
2022-09-20 22:00:00,81.2
2022-09-20 22:30:00,70.6
2022-09-20 23:00:00,65.4
2022-09-20 23:30:00,47.8
2022-09-21 00:00:00,42.4
2022-09-21 00:30:00,33.0
2022-09-21 01:00:00,31.0
2022-09-21 01:30:00,25.8
2022-09-21 02:00:00,22.0
2022-09-21 02:30:00,23.2
2022-09-21 03:00:00,26.0
2022-09-21 03:30:00,27.0
2022-09-21 04:00:00,18.2
2022-09-21 04:30:00,24.8
2022-09-21 05:00:00,22.2
2022-09-21 05:30:00,30.8
2022-09-21 06:00:00,41.4
2022-09-21 06:30:00,59.4
2022-09-21 07:00:00,80.8
2022-09-21 07:30:00,93.4
2022-09-21 08:00:00,107.4
2022-09-21 08:30:00,106.2
2022-09-21 09:00:00,106.4
2022-09-21 09:30:00,108.8
2022-09-21 10:00:00,111.6
2022-09-21 10:30:00,121.6
2022-09-21 11:00:00,114.8
2022-09-21 11:30:00,110.0
2022-09-21 12:00:00,102.2
2022-09-21 12:30:00,105.6
2022-09-21 13:00:00,102.0
2022-09-21 13:30:00,112.8
2022-09-21 14:00:00,105.8
2022-09-21 14:30:00,98.4
2022-09-21 15:00:00,100.2
2022-09-21 15:30:00,90.6
2022-09-21 16:00:00,87.6
2022-09-21 16:30:00,86.2
2022-09-21 17:00:00,81.2
2022-09-21 17:30:00,80.2
2022-09-21 18:00:00,81.8
2022-09-21 18:30:00,86.6
2022-09-21 19:00:00,99.2
2022-09-21 19:30:00,99.2
2022-09-21 20:00:00,102.8
2022-09-21 20:30:00,99.0
2022-09-21 21:00:00,100.6
2022-09-21 21:30:00,96.0
2022-09-21 22:00:00,84.6
2022-09-21 22:30:00,79.2
2022-09-21 23:00:00,68.2
2022-09-21 23:30:00,58.6
2022-09-22 00:00:00,50.2
2022-09-22 00:30:00,43.2
2022-09-22 01:00:00,36.4
2022-09-22 01:30:00,31.6
2022-09-22 02:00:00,28.4
2022-09-22 02:30:00,29.6
2022-09-22 03:00:00,27.6
2022-09-22 03:30:00,26.4
2022-09-22 04:00:00,24.6
2022-09-22 04:30:00,34.4
2022-09-22 05:00:00,33.8
2022-09-22 05:30:00,37.6
2022-09-22 06:00:00,43.4
2022-09-22 06:30:00,61.4
2022-09-22 07:00:00,81.2
2022-09-22 07:30:00,100.2
2022-09-22 08:00:00,105.6
2022-09-22 08:30:00,111.6
2022-09-22 09:00:00,113.2
2022-09-22 09:30:00,114.2
2022-09-22 10:00:00,118.6
2022-09-22 10:30:00,120.4
2022-09-22 11:00:00,119.2
2022-09-22 11:30:00,109.8
2022-09-22 12:00:00,115.6
2022-09-22 12:30:00,111.0
2022-09-22 13:00:00,106.2
2022-09-22 13:30:00,107.4
2022-09-22 14:00:00,105.4
2022-09-22 14:30:00,107.4
2022-09-22 15:00:00,105.2
2022-09-22 15:30:00,112.2
2022-09-22 16:00:00,95.6
2022-09-22 16:30:00,91.0
2022-09-22 17:00:00,85.0
2022-09-22 17:30:00,90.0
2022-09-22 18:00:00,88.8
2022-09-22 18:30:00,87.4
2022-09-22 19:00:00,91.4
2022-09-22 19:30:00,106.2
2022-09-22 20:00:00,96.0
2022-09-22 20:30:00,94.8
2022-09-22 21:00:00,98.8
2022-09-22 21:30:00,91.2
2022-09-22 22:00:00,83.8
2022-09-22 22:30:00,84.6
2022-09-22 23:00:00,70.0
2022-09-22 23:30:00,56.0
2022-09-23 00:00:00,45.0
2022-09-23 00:30:00,38.8
2022-09-23 01:00:00,33.2
2022-09-23 01:30:00,29.8
2022-09-23 02:00:00,27.8
2022-09-23 02:30:00,29.8
2022-09-23 03:00:00,26.4
2022-09-23 03:30:00,27.0
2022-09-23 04:00:00,23.8
2022-09-23 04:30:00,32.2
2022-09-23 05:00:00,28.8
2022-09-23 05:30:00,29.6
2022-09-23 06:00:00,43.4
2022-09-23 06:30:00,65.2
2022-09-23 07:00:00,79.4
2022-09-23 07:30:00,100.8
2022-09-23 08:00:00,109.0
2022-09-23 08:30:00,119.2
2022-09-23 09:00:00,125.8
2022-09-23 09:30:00,130.0
2022-09-23 10:00:00,117.2
2022-09-23 10:30:00,120.2
2022-09-23 11:00:00,118.6
2022-09-23 11:30:00,115.2
2022-09-23 12:00:00,110.0
2022-09-23 12:30:00,108.0
2022-09-23 13:00:00,104.8
2022-09-23 13:30:00,108.4
2022-09-23 14:00:00,105.6
2022-09-23 14:30:00,101.8
2022-09-23 15:00:00,102.4
2022-09-23 15:30:00,102.2
2022-09-23 16:00:00,95.4
2022-09-23 16:30:00,95.8
2022-09-23 17:00:00,98.2
2022-09-23 17:30:00,96.4
2022-09-23 18:00:00,99.0
2022-09-23 18:30:00,100.2
2022-09-23 19:00:00,96.8
2022-09-23 19:30:00,101.4
2022-09-23 20:00:00,105.6
2022-09-23 20:30:00,96.0
2022-09-23 21:00:00,98.4
2022-09-23 21:30:00,97.8
2022-09-23 22:00:00,88.4
2022-09-23 22:30:00,93.8
2022-09-23 23:00:00,94.4
2022-09-23 23:30:00,85.0
2022-09-24 00:00:00,69.0
2022-09-24 00:30:00,57.2
2022-09-24 01:00:00,50.6
2022-09-24 01:30:00,45.8
2022-09-24 02:00:00,38.0
2022-09-24 02:30:00,36.4
2022-09-24 03:00:00,34.8
2022-09-24 03:30:00,33.8
2022-09-24 04:00:00,30.2
2022-09-24 04:30:00,28.0
2022-09-24 05:00:00,32.6
2022-09-24 05:30:00,38.8
2022-09-24 06:00:00,57.2
2022-09-24 06:30:00,42.6
2022-09-24 07:00:00,51.6
2022-09-24 07:30:00,67.4
2022-09-24 08:00:00,78.8
2022-09-24 08:30:00,100.8
2022-09-24 09:00:00,120.0
2022-09-24 09:30:00,126.4
2022-09-24 10:00:00,126.8
2022-09-24 10:30:00,128.4
2022-09-24 11:00:00,125.6
2022-09-24 11:30:00,116.4
2022-09-24 12:00:00,116.4
2022-09-24 12:30:00,107.4
2022-09-24 13:00:00,99.8
2022-09-24 13:30:00,100.4
2022-09-24 14:00:00,98.2
2022-09-24 14:30:00,100.4
2022-09-24 15:00:00,99.0
2022-09-24 15:30:00,91.2
2022-09-24 16:00:00,92.4
2022-09-24 16:30:00,92.2
2022-09-24 17:00:00,91.0
2022-09-24 17:30:00,98.0
2022-09-24 18:00:00,97.6
2022-09-24 18:30:00,93.8
2022-09-24 19:00:00,100.2
2022-09-24 19:30:00,103.0
2022-09-24 20:00:00,104.6
2022-09-24 20:30:00,97.8
2022-09-24 21:00:00,98.4
2022-09-24 21:30:00,101.0
2022-09-24 22:00:00,98.0
2022-09-24 22:30:00,98.0
2022-09-24 23:00:00,91.8
2022-09-24 23:30:00,83.8
2022-09-25 00:00:00,74.0
2022-09-25 00:30:00,66.4
2022-09-25 01:00:00,51.2
2022-09-25 01:30:00,43.4
2022-09-25 02:00:00,40.2
2022-09-25 02:30:00,40.4
2022-09-25 03:00:00,39.2
2022-09-25 03:30:00,36.6
2022-09-25 04:00:00,27.8
2022-09-25 04:30:00,27.4
2022-09-25 05:00:00,26.4
2022-09-25 05:30:00,28.0
2022-09-25 06:00:00,29.4
2022-09-25 06:30:00,34.2
2022-09-25 07:00:00,43.0
2022-09-25 07:30:00,63.2
2022-09-25 08:00:00,78.8
2022-09-25 08:30:00,90.2
2022-09-25 09:00:00,100.6
2022-09-25 09:30:00,111.0
2022-09-25 10:00:00,113.0
2022-09-25 10:30:00,114.4
2022-09-25 11:00:00,115.8
2022-09-25 11:30:00,106.4
2022-09-25 12:00:00,104.6
2022-09-25 12:30:00,100.0
2022-09-25 13:00:00,93.2
2022-09-25 13:30:00,85.2
2022-09-25 14:00:00,86.2
2022-09-25 14:30:00,85.8
2022-09-25 15:00:00,86.8
2022-09-25 15:30:00,82.2
2022-09-25 16:00:00,82.6
2022-09-25 16:30:00,68.6
2022-09-25 17:00:00,69.2
2022-09-25 17:30:00,65.0
2022-09-25 18:00:00,70.6
2022-09-25 18:30:00,76.0
2022-09-25 19:00:00,77.8
2022-09-25 19:30:00,80.6
2022-09-25 20:00:00,79.0
2022-09-25 20:30:00,83.4
2022-09-25 21:00:00,83.0
2022-09-25 21:30:00,76.0
2022-09-25 22:00:00,70.4
2022-09-25 22:30:00,67.2
